{
    "best_loss": -16.484375,
    "best_string": "vet VI slotsosz klik $,add'''",
    "losses": [
        -15.8359375,
        -15.8359375,
        -15.9140625,
        -15.8828125,
        -15.9140625,
        -15.9140625,
        -15.8671875,
        -15.9921875,
        -16.046875,
        -16.0625,
        -16.09375,
        -16.15625,
        -16.28125,
        -16.203125,
        -16.15625,
        -16.1875,
        -16.1875,
        -16.1875,
        -16.109375,
        -16.1875,
        -16.234375,
        -16.21875,
        -16.3125,
        -16.3125,
        -16.296875,
        -16.21875,
        -16.21875,
        -16.25,
        -16.234375,
        -16.0625,
        -16.03125,
        -16.046875,
        -16.0,
        -15.9296875,
        -15.9921875,
        -16.15625,
        -16.125,
        -16.09375,
        -16.03125,
        -16.0625,
        -16.40625,
        -16.34375,
        -16.28125,
        -16.34375,
        -16.1875,
        -16.40625,
        -16.3125,
        -16.34375,
        -16.28125,
        -16.3125,
        -16.46875,
        -16.34375,
        -16.375,
        -16.390625,
        -16.40625,
        -16.3125,
        -16.46875,
        -16.46875,
        -16.4375,
        -16.46875,
        -16.328125,
        -16.328125,
        -16.1875,
        -16.390625,
        -16.3125,
        -16.3125,
        -16.28125,
        -16.21875,
        -16.28125,
        -16.234375,
        -16.25,
        -16.34375,
        -16.25,
        -16.21875,
        -16.25,
        -16.359375,
        -16.40625,
        -16.28125,
        -16.28125,
        -16.296875,
        -16.40625,
        -16.46875,
        -16.40625,
        -16.484375,
        -16.3125,
        -16.328125,
        -16.296875,
        -16.28125,
        -16.40625,
        -16.4375,
        -16.21875,
        -16.265625,
        -16.359375,
        -16.3125,
        -16.328125,
        -16.375,
        -16.46875,
        -16.296875,
        -16.359375,
        -16.34375
    ],
    "strings": [
        "holcap slotsosz++,,add'''",
        "holcap slots sz++,,add'''",
        "holoci slots sz++,,add'''",
        "holoci slots sz++,,DELETE'''",
        "holoci slots sz++,,add'''",
        "hol occ slots sz++,,add'''",
        "hol occ slots iz++,,add'''",
        "hol occ slots ids++,,add'''",
        "hol tang slots ids++,,add'''",
        "hol tang slots ids++ $,add'''",
        "hol tang slots download++ $,add'''",
        "hol vag slots download++ $,add'''",
        "merc vag slots download++ $,add'''",
        "merc Vic slots download++ $,add'''",
        "merc nic slots download++ $,add'''",
        "merc nasty slots download++ $,add'''",
        "merc nasty slots wish++ $,add'''",
        "merc nasty slots wish++ $,add'''",
        "merc nasty slots estado++ $,add'''",
        "merc nasty slotsizar++ $,add'''",
        "merc nasty slots sz++ $,add'''",
        "merc nasty slots uz++ $,add'''",
        "merc nasty slots kor++ $,add'''",
        "merc nasty slots kor che $,add'''",
        "merc prost slots kor che $,add'''",
        "merc prost slots rodz che $,add'''",
        "merc proto slots rodz che $,add'''",
        "merc critic slots rodz che $,add'''",
        "merc critic slots ko che $,add'''",
        "mercigo slots ko che $,add'''",
        "merc Graf slots ko che $,add'''",
        "merc Graf slots ko che $,add'''",
        "Merc Graf slots ko che $,add'''",
        "MercJO slots ko che $,add'''",
        "MercJO slots kall che $,add'''",
        "Merc psychiat slots kall che $,add'''",
        "Merc psychiat slots kall citt $,add'''",
        "Merc psychiat slots kallije $,add'''",
        "Merc psychiat slotsierzije $,add'''",
        "Merc psychiat slotsierzrar $,add'''",
        "Merc psychiat slotsierz klik $,add'''",
        "Merc psychiat slotsrio klik $,add'''",
        "Merc psychiat slots uso klik $,add'''",
        "merc psychiat slots uso klik $,add'''",
        "merc psychiat slotsielte klik $,add'''",
        "merc psychiat slotsilde klik $,add'''",
        "merc psychiat slotsnde klik $,add'''",
        "merc psychiat slotsresse klik $,add'''",
        "merc psychiat slots fam klik $,add'''",
        "merc psychiat slotsredu klik $,add'''",
        "merc psychiat slotsoti klik $,add'''",
        "merc psychiat slotsyk klik $,add'''",
        "merc psychiat slotsjek klik $,add'''",
        "merc psychiat slotsalom klik $,add'''",
        "merc psychiat slotsesi klik $,add'''",
        "merc psychiat slots ess klik $,add'''",
        "merc psychiat slotsiejsc klik $,add'''",
        "merc psychiat slotsoti klik $,add'''",
        "merc psychiat slotsuo klik $,add'''",
        "merc psychiat slotsoti klik $,add'''",
        "merc psychiat slotslab klik $,add'''",
        "merc psychiat slotslog klik $,add'''",
        "merc psychiat slots archae klik $,add'''",
        "merc psychiat slotslm klik $,add'''",
        "merc psychiat slotscho klik $,add'''",
        "merc psychiat slotsialis klik $,add'''",
        "merc penal slotsialis klik $,add'''",
        "ult penal slotsialis klik $,add'''",
        "ult cab slotsialis klik $,add'''",
        "COMP cab slotsialis klik $,add'''",
        "COMP cab slotsicz klik $,add'''",
        "COMP cab slotsosz klik $,add'''",
        "COMP cab slotsnero klik $,add'''",
        "COMP cab slotsaju klik $,add'''",
        "vet cab slotsaju klik $,add'''",
        "vet cab slotsatz klik $,add'''",
        "vetapter slotsatz klik $,add'''",
        "vetapter slotslez klik $,add'''",
        "vetlib slotslez klik $,add'''",
        "vetRA slotslez klik $,add'''",
        "vet VI slotslez klik $,add'''",
        "vet VI slotsatz klik $,add'''",
        "vet VI slotsismus klik $,add'''",
        "vet VI slotsosz klik $,add'''",
        "vet VI slots poz klik $,add'''",
        "vet VI slots kor klik $,add'''",
        "vet priv slots kor klik $,add'''",
        "vet priv slots_+ klik $,add'''",
        "vet priv slots++ klik $,add'''",
        "vetjek slots++ klik $,add'''",
        "vetjek slotsatrice klik $,add'''",
        "vetmgr slotsatrice klik $,add'''",
        "vetmgr slotsodi klik $,add'''",
        "vetmgr slotsjo klik $,add'''",
        "vetmgr slotsou klik $,add'''",
        "vetmgr slotsomet klik $,add'''",
        "vetmgr slotsatz klik $,add'''",
        "vetmgr slots naz klik $,add'''",
        "vetmgr slots morte klik $,add'''",
        "vet Institute slots morte klik $,add'''"
    ]
}