{
    "best_loss": -15.28125,
    "best_string": "[ OFF]olutely(\", or",
    "losses": [
        -5.9765625,
        -6.4765625,
        -6.7734375,
        -7.29296875,
        -8.921875,
        -10.1640625,
        -11.578125,
        -12.2265625,
        -11.90625,
        -12.3671875,
        -12.4609375,
        -12.765625,
        -12.3828125,
        -11.125,
        -12.4609375,
        -12.7421875,
        -13.0390625,
        -12.21875,
        -12.875,
        -12.5390625,
        -13.0234375,
        -13.828125,
        -12.7265625,
        -12.0234375,
        -12.7265625,
        -12.7890625,
        -12.2109375,
        -12.46875,
        -12.0703125,
        -12.7734375,
        -12.4765625,
        -13.1015625,
        -11.921875,
        -12.15625,
        -11.6953125,
        -12.53125,
        -14.2421875,
        -13.5859375,
        -13.859375,
        -13.3984375,
        -13.578125,
        -13.3828125,
        -14.0234375,
        -13.90625,
        -13.609375,
        -13.3203125,
        -13.84375,
        -13.6796875,
        -13.09375,
        -13.5546875,
        -13.5703125,
        -12.953125,
        -13.7109375,
        -14.1171875,
        -13.234375,
        -13.5234375,
        -13.9453125,
        -13.65625,
        -13.625,
        -13.0,
        -13.6875,
        -13.8203125,
        -13.4375,
        -14.03125,
        -14.515625,
        -14.0234375,
        -13.6328125,
        -13.5390625,
        -13.265625,
        -13.8671875,
        -13.796875,
        -13.265625,
        -13.8984375,
        -14.78125,
        -14.78125,
        -14.6953125,
        -13.859375,
        -14.6640625,
        -14.2265625,
        -14.8671875,
        -14.515625,
        -14.6953125,
        -14.109375,
        -14.703125,
        -14.171875,
        -14.1484375,
        -14.6875,
        -15.28125,
        -15.28125,
        -15.0859375,
        -14.5234375,
        -15.1328125,
        -15.0859375,
        -13.390625,
        -14.328125,
        -14.8515625,
        -14.0703125,
        -14.6953125,
        -15.1015625,
        -15.03125
    ],
    "strings": [
        "x x x x x or",
        "x x x x(\" or",
        "x x x x Bro or",
        "x x.\"] x Bro or",
        "x x.\"]olutely Bro or",
        "xThis.\"]olutely Bro or",
        "xThis.\"]olutely~ or",
        "xThis.\"]olutely!\" or",
        "RThis.\"]olutely!\" or",
        "RThis.\"]olutely!-- or",
        "R it.\"]olutely!-- or",
        "\\ it.\"]olutely!-- or",
        "}\\ it.\"]olutely!-- or",
        "}\\ accompan.\"]olutely!-- or",
        "}\\$.\"]olutely!-- or",
        "$\\$.\"]olutely!-- or",
        "$\\.$.\"]olutely!-- or",
        "$\\this.\"]olutely!-- or",
        "mostthis.\"]olutely!-- or",
        "composedthis.\"]olutely!-- or",
        "composed This.\"]olutely!-- or",
        "kinda This.\"]olutely!-- or",
        "as This.\"]olutely!-- or",
        "as exempl.\"]olutely!-- or",
        "as This.\"]olutely!-- or",
        "as follows.\"]olutely!-- or",
        "#[ follows.\"]olutely!-- or",
        "#[ curt.\"]olutely!-- or",
        "#[ END.\"]olutely!-- or",
        "#[ continue.\"]olutely!-- or",
        "#[ continue.\"]olutely!! or",
        "[ continue.\"]olutely!! or",
        "[stylesheet.\"]olutely!! or",
        "[Guid.\"]olutely!! or",
        "[Helper.\"]olutely!! or",
        "[ Please.\"]olutely!! or",
        "[ Please.\"]olutely,\" or",
        "[enumerate.\"]olutely,\" or",
        "[Submit.\"]olutely,\" or",
        "[Submit.\"]olutely., or",
        "[ Give.\"]olutely., or",
        "[ Give.\"]olutely!\" or",
        "[ Give]<olutely!\" or",
        "[ Give]]olutely!\" or",
        "[ Give.]olutely!\" or",
        "[ Word.]olutely!\" or",
        "[Ok.]olutely!\" or",
        "[Opts.]olutely!\" or",
        "[ mant.]olutely!\" or",
        "[YN.]olutely!\" or",
        "[ Perry.]olutely!\" or",
        "[wy.]olutely!\" or",
        "[WORK.]olutely!\" or",
        "[Hey.]olutely!\" or",
        "[ mayo.]olutely!\" or",
        "[Jan.]olutely!\" or",
        "[ it.]olutely!\" or",
        "[ORD.]olutely!\" or",
        "[ press.]olutely!\" or",
        "[ vit.]olutely!\" or",
        "[ prin.]olutely!\" or",
        "[ Print.]olutely!\" or",
        "[Comm.]olutely!\" or",
        "[ install.]olutely!\" or",
        "[ Enter.]olutely!\" or",
        "[Err.]olutely!\" or",
        "[erm.]olutely!\" or",
        "[HW.]olutely!\" or",
        "[PR.]olutely!\" or",
        "[Write.]olutely!\" or",
        "[Write]}olutely!\" or",
        "[RES]}olutely!\" or",
        "[RES]}olutely(\", or",
        "[RES]olutely(\", or",
        "[RES]olutely(\", or",
        "[ BY]olutely(\", or",
        "[-----]olutely(\", or",
        "[INTER]olutely(\", or",
        "[ NT]olutely(\", or",
        "[ PL]olutely(\", or",
        "[ INFO]olutely(\", or",
        "[NT]olutely(\", or",
        "[INIT]olutely(\", or",
        "[ BY]olutely(\", or",
        "[ORT]olutely(\", or",
        "[ENSE]olutely(\", or",
        "[ RE]olutely(\", or",
        "[ OFF]olutely(\", or",
        "[ OFF]olutely(\", or",
        "[PRO]olutely(\", or",
        "[ INFO]olutely(\", or",
        "[PR]olutely(\", or",
        "[PRO]olutely(\", or",
        "[START]olutely(\", or",
        "[COMMAND]olutely(\", or",
        "[COMMAND]olutely,( or",
        "[WITH]olutely,( or",
        "[WITH]olutely(\", or",
        "[RO]olutely(\", or",
        "[OPER]olutely(\", or"
    ]
}