{
    "best_loss": -18.6875,
    "best_string": "x clutch completed ok Jay buddy..... guaranteed",
    "losses": [
        -18.359375,
        -18.6875,
        -18.640625,
        -18.34375,
        -18.203125,
        -18.5625,
        -18.578125,
        -18.296875,
        -18.359375,
        -18.46875,
        -18.5625,
        -18.5,
        -18.40625,
        -18.265625,
        -18.375,
        -18.375,
        -18.375,
        -18.390625,
        -18.421875,
        -18.421875,
        -18.46875,
        -18.25,
        -18.03125,
        -18.46875,
        -18.34375,
        -18.46875,
        -18.40625,
        -18.359375,
        -18.296875,
        -18.3125,
        -18.1875,
        -18.15625,
        -18.265625,
        -18.171875,
        -18.28125,
        -18.28125,
        -18.34375,
        -18.28125,
        -18.21875,
        -18.21875,
        -18.21875,
        -18.28125,
        -18.375,
        -18.484375,
        -18.171875,
        -18.28125,
        -18.53125,
        -18.40625,
        -18.21875,
        -18.296875,
        -18.28125,
        -18.25,
        -18.34375,
        -18.296875,
        -18.3125,
        -18.1875,
        -18.3125,
        -18.0625,
        -17.96875,
        -17.890625,
        -18.0625,
        -18.109375,
        -18.21875,
        -18.40625,
        -18.4375,
        -18.25,
        -18.28125,
        -18.28125,
        -18.28125,
        -18.1875,
        -18.1875,
        -18.25,
        -18.21875,
        -18.375,
        -18.375,
        -18.25,
        -18.28125,
        -18.34375,
        -18.34375,
        -18.140625,
        -18.296875,
        -18.453125,
        -18.34375,
        -18.25,
        -18.359375,
        -18.34375,
        -18.671875,
        -18.59375,
        -18.5625,
        -18.65625,
        -18.609375,
        -18.59375,
        -18.515625,
        -18.3125,
        -18.34375,
        -18.21875,
        -18.15625,
        -18.28125,
        -18.34375,
        -18.34375
    ],
    "strings": [
        "x clutch completed okai buddy..... guaranteed",
        "x clutch completed ok Jay buddy..... guaranteed",
        "x clutch completed ok Jay buddy.....Execute",
        "x clutch ruled ok Jay buddy.....Execute",
        "xCl ruled ok Jay buddy.....Execute",
        "xgetC ruled ok Jay buddy.....Execute",
        "xgetC ruled ok Jay bud.....Execute",
        "xprom ruled ok Jay bud.....Execute",
        "x bench ruled ok Jay bud.....Execute",
        "RC bench ruled ok Jay bud.....Execute",
        "RC bench ruled ok Jay mate.....Execute",
        "RC Ch ruled ok Jay mate.....Execute",
        "RC Ch ruled Okay Jay mate.....Execute",
        "RC Ch ruled Okayx mate.....Execute",
        "RC Ch ruled Okay OK mate.....Execute",
        "RC Ch ruled Okay!!!! mate.....Execute",
        "RC Ch ruled ok!!!! mate.....Execute",
        "RCACH ruled ok!!!! mate.....Execute",
        "RCstru ruled ok!!!! mate.....Execute",
        "RCsche ruled ok!!!! mate.....Execute",
        "RC Sch ruled ok!!!! mate.....Execute",
        "RC Sch ruled ON!!!! mate.....Execute",
        "RCeller ruled ON!!!! mate.....Execute",
        "RCDEV ruled ON!!!! mate.....Execute",
        "RCDEV ruled on!!!! mate.....Execute",
        "RCDEV ruled on!!!! mate........Execute",
        "RC Crow ruled on!!!! mate........Execute",
        "RC Cad ruled on!!!! mate........Execute",
        "RC Cad ruled on!!!! mate....Execute",
        "RC Pak ruled on!!!! mate....Execute",
        "RC PCI ruled on!!!! mate....Execute",
        "RC PCI ruled on!!!! mate----Execute",
        "RC Card ruled on!!!! mate----Execute",
        "RC Card ruled on!!!!mate----Execute",
        "RC Card ruled on!!!! guys----Execute",
        "RC Card ruled on!!!! guys........Execute",
        "RC Card ruled on!!!! guys------Execute",
        "RCARD ruled on!!!! guys------Execute",
        "RCestyle ruled on!!!! guys------Execute",
        "RCestyle ruled on!!!! guys------Execute",
        "RCestyle ruled on!!!! mate------Execute",
        "RCcam ruled on!!!! mate------Execute",
        "RC Cam ruled on!!!! mate------Execute",
        "RC Cam ruled on!!!! mate....Execute",
        "RC Cam ruled on!!!! mate====Execute",
        "RC Cam ruled on!!!! mate................Execute",
        "RC Cam ruled on!!!! mate........Execute",
        "RCkit ruled on!!!! mate........Execute",
        "RC Piet ruled on!!!! mate........Execute",
        "RC Viet ruled on!!!! mate........Execute",
        "RC Viet ruled on!!! mate........Execute",
        "RC VT ruled on!!! mate........Execute",
        "RC Park ruled on!!! mate........Execute",
        "RC Buck ruled on!!! mate........Execute",
        "RC Cec ruled on!!! mate........Execute",
        "RC soc ruled on!!! mate........Execute",
        "RC soc ruled ++!!! mate........Execute",
        "RC soc ruled ++!!! mate........Inject",
        "RC soc ruled Plus!!! mate........Inject",
        "RC Circ ruled Plus!!! mate........Inject",
        "RC Circwe Plus!!! mate........Inject",
        "RC Circwe Plus!!! bro........Inject",
        "RC curveswe Plus!!! bro........Inject",
        "RC curvesaver Plus!!! bro........Inject",
        "RC curvesuilder Plus!!! bro........Inject",
        "RC curvesuilder XX!!! bro........Inject",
        "RC curvesuilderII!!! bro........Inject",
        "RC curvesuilderII!!! bro........Inject",
        "RC curvesuilderII!!! bro........Inject",
        "RC curvesuilderIIoons bro........Inject",
        "RC curvesuilderII functions bro........Inject",
        "RC curvesuilderII functions dude........Inject",
        "RC curves SDII functions dude........Inject",
        "RC curves SDMAX functions dude........Inject",
        "RC curves SDMAX exist dude........Inject",
        "RC curves SDWorkspace exist dude........Inject",
        "RC curves SDdata exist dude........Inject",
        "RC curves wurdata exist dude........Inject",
        "RC curves curdata exist dude........Inject",
        "RC curvesegdata exist dude........Inject",
        "RC curves Easydata exist dude........Inject",
        "RC curves Easy Transfer exist dude........Inject",
        "RC curve Easy Transfer exist dude........Inject",
        "RC curve Easy Transfer available dude........Inject",
        "RC curve Easy Transfer option dude........Inject",
        "RCXT Easy Transfer option dude........Inject",
        "RCXT Easy Transfer button dude........Inject",
        "RC army Easy Transfer button dude........Inject",
        "RCminecraft Easy Transfer button dude........Inject",
        "RCspeed Easy Transfer button dude........Inject",
        "RCspeed Easy Touch button dude........Inject",
        "RCspeed Easy Use button dude........Inject",
        "RCspeed Easy Use button dude.............",
        "RCspeed Accept Use button dude.............",
        "RCMake Accept Use button dude.............",
        "RCMake Accept Use button dude babies.....",
        "RCMake Accept Use button dude Mex.....",
        "RCMake AcceptModules button dude Mex.....",
        "RCMake InclModules button dude Mex.....",
        "RCMake InclModules button dudeename....."
    ]
}