{
    "best_loss": -19.21875,
    "best_string": "meantime i want bathroom.} Simple",
    "losses": [
        -18.75,
        -18.78125,
        -18.875,
        -18.96875,
        -19.03125,
        -18.78125,
        -18.84375,
        -18.796875,
        -18.921875,
        -18.75,
        -18.71875,
        -18.59375,
        -18.453125,
        -18.625,
        -18.59375,
        -18.71875,
        -18.59375,
        -18.6875,
        -18.5,
        -18.78125,
        -18.75,
        -18.96875,
        -18.875,
        -18.921875,
        -19.09375,
        -19.21875,
        -18.5625,
        -18.71875,
        -19.03125,
        -18.90625,
        -18.9375,
        -18.9375,
        -18.875,
        -19.03125,
        -19.03125,
        -19.03125,
        -18.921875,
        -18.96875,
        -19.0,
        -18.828125,
        -18.890625,
        -19.09375,
        -19.15625,
        -18.75,
        -18.71875,
        -18.9375,
        -18.84375,
        -18.9375,
        -18.96875,
        -18.90625,
        -19.03125,
        -18.859375,
        -18.8125,
        -18.78125,
        -18.765625,
        -18.625,
        -18.9375,
        -19.09375,
        -18.90625,
        -19.03125,
        -19.03125,
        -19.03125,
        -18.90625,
        -18.9375,
        -18.96875,
        -18.71875,
        -18.84375,
        -18.59375,
        -18.96875,
        -18.8125,
        -18.8125,
        -19.0,
        -19.03125,
        -18.78125,
        -18.59375,
        -18.84375,
        -18.78125,
        -18.84375,
        -19.03125,
        -18.84375,
        -18.890625,
        -18.71875,
        -18.328125,
        -18.53125,
        -18.65625,
        -18.78125,
        -18.765625,
        -18.78125,
        -18.84375,
        -18.5,
        -18.78125,
        -19.09375,
        -18.890625,
        -18.90625,
        -18.546875,
        -19.03125,
        -18.84375,
        -19.03125,
        -18.859375,
        -19.03125
    ],
    "strings": [
        "meantime i want bathroom plzs",
        "meantime i want bathroom plkre",
        "meantime i want bathroom plZ",
        "meantime i want bathroom imZ",
        "meantime i want bathroom imE",
        "meantime i want bathroomlatE",
        "meantime i want bathroomlatHe",
        "meantime i want bathroom ingHe",
        "meantime i want bathroomatHe",
        "meantime i want bathroomatTh",
        "meantime i want bathroom louTh",
        "Meanwhile i want bathroom louTh",
        "Meanwhile i want bathroom louahoo",
        "Meanwhile i want bathroom louAt",
        "Meanwhile i want bathroom::At",
        "Meanwhile i want bathroomteAt",
        "Meanwhile i want bathroom SuAt",
        "Meanwhile i want bathroomreAt",
        "Meanwhile i want bathroomre Ez",
        "Meanwhile i want bathroom engl Ez",
        "Meanwhile i want bathroom : Ez",
        "Meanwhile i want bathroom(). Ez",
        "Meanwhile i want bathroom(). Simple",
        "Meanwhile i want bathroom.\\ Simple",
        "Meanwhile i want bathroom.} Simple",
        "meantime i want bathroom.} Simple",
        "meantime i want bathroom.}nej",
        "meantime i want bathroom.}encil",
        "meantime i want bathroom.encil",
        "meantime i want bathroom. pen",
        "meantime I want bathroom. pen",
        "meantime I want bathroom. pen",
        "meantime I want bathroom.ucket",
        "meantime I want bathroom. Quick",
        "meantime I want bathroom. Quick",
        "meantime I want bathroom. Quick",
        "meantime I want bathroom. floor",
        "meantime I want bathroom.=>",
        "meantime I want bathroom. lamp",
        "meantime I want bathroom.akes",
        "meantime I want bathroom. Kitchen",
        "meantime I want bathroom. desk",
        "meantime i want bathroom. desk",
        "meantime i want bathroom. ay",
        "meantime i want bathroom.hill",
        "meantime i want bathroom. ",
        "meantime i want bathroom. Much",
        "meantime i want bathroom.yes",
        "meantime i want bathroom. .",
        "meantime i want bathroom.                ",
        "meantime i want bathroom. next",
        "meantime i want bathroomh next",
        "meantimeI want bathroomh next",
        "meantime u want bathroomh next",
        "meantime im want bathroomh next",
        "meantime im want bathroomh fam",
        "meantime im want bathroomh .",
        "meantimeI want bathroomh .",
        "meantimeI want bathroomisl .",
        "meantimeI want bathroom , .",
        "meantimeI want bathroom , .",
        "meantimeI want bathroom , .",
        "meantimeI want bathroom ,Bro",
        "meantimeI want bathroom ,Man",
        "meantime I want bathroom ,Man",
        "meantime I want bathroomTHMan",
        "meantime I want bathroom hMan",
        "meantime I want bathroom hsem",
        "meantime I want bathroom hmm",
        "meantime I want bathroom h,,,,",
        "meantime I want bathroomince,,,,",
        "meantime I want bathroom :,,,,",
        "meantime I want bathroom :\\/",
        "meantime I Want bathroom :\\/",
        "meantime I wanna bathroom :\\/",
        "meantime I wants bathroom :\\/",
        "meantime I Want bathroom :\\/",
        "meantime Iwant bathroom :\\/",
        "meantime I want bathroom :\\/",
        "meantime I want bathroom d\\/",
        "meantime i want bathroom d\\/",
        "meantime i want bathroomiNdEx\\/",
        "meantime i want bathroomiNdExunde",
        "meantime i want bathroomiNdEx Ide",
        "meantime i want bathroomiNdExds",
        "meantime i want bathroom,$ds",
        "meantime i want bathroom,$ shorts",
        "meantime i want bathroom... shorts",
        "meantime i want bathroom... Short",
        "meantime i want bathroom...Sh",
        "meantime i want bathroom... garage",
        "meantime i want bathroom... car",
        "meantime i want bathroom...robe",
        "meantime i want bathroom... sofa",
        "meantime i want bathroom...**/",
        "meantime i want bathroom <**/",
        "meantime i want bathroom -\\**/",
        "meantime i want bathroom &#**/",
        "meantime i want bathroom =\\**/",
        "meantime i want bathroom &#**/"
    ]
}