{
    "best_loss": -16.140625,
    "best_string": "meantime i want bathroom plle",
    "losses": [
        -9.515625,
        -11.7109375,
        -11.8828125,
        -12.2890625,
        -12.515625,
        -13.6484375,
        -14.0703125,
        -14.390625,
        -14.2734375,
        -14.2890625,
        -14.1171875,
        -14.5625,
        -14.71875,
        -14.234375,
        -14.4140625,
        -14.40625,
        -14.34375,
        -14.7421875,
        -14.71875,
        -14.4296875,
        -14.2578125,
        -14.734375,
        -14.8359375,
        -15.0703125,
        -14.9453125,
        -15.0078125,
        -15.0625,
        -15.0078125,
        -14.7890625,
        -14.75,
        -14.671875,
        -14.5078125,
        -14.640625,
        -15.171875,
        -14.71875,
        -14.984375,
        -15.171875,
        -15.359375,
        -15.4453125,
        -15.671875,
        -15.7421875,
        -15.7734375,
        -15.59375,
        -15.4921875,
        -15.5390625,
        -15.5078125,
        -15.859375,
        -15.8515625,
        -15.46875,
        -15.7734375,
        -15.4140625,
        -15.84375,
        -15.71875,
        -15.4375,
        -15.6875,
        -15.65625,
        -15.6640625,
        -15.9921875,
        -15.9375,
        -15.7578125,
        -15.765625,
        -15.7578125,
        -15.9921875,
        -16.015625,
        -15.796875,
        -15.5390625,
        -15.6796875,
        -15.7578125,
        -15.6640625,
        -15.6640625,
        -15.671875,
        -15.984375,
        -15.8359375,
        -15.75,
        -15.6875,
        -15.6640625,
        -15.8359375,
        -15.84375,
        -16.125,
        -15.96875,
        -15.8984375,
        -15.828125,
        -15.7421875,
        -16.0,
        -15.8203125,
        -15.7578125,
        -15.7421875,
        -15.625,
        -15.90625,
        -16.109375,
        -15.828125,
        -15.890625,
        -16.140625,
        -15.953125,
        -15.890625,
        -15.8671875,
        -15.890625,
        -16.015625,
        -15.9609375,
        -16.125
    ],
    "strings": [
        "x x x consultation x x",
        "x xDO consultation x x",
        "x pleDO consultation x x",
        "quite pleDO consultation x x",
        "meantime pleDO consultation x x",
        "meantime pleDO vacation x x",
        "meantime ple please vacation x x",
        "meantime ple please vacation x z",
        "meantime Emer please vacation x z",
        "meantime Emer please vacation x Un",
        "meantime Emer please vacation x~~~~~~~~",
        "meantime Emer please vacation xCheck",
        "meantime Emer please vacation xInstall",
        "meantime Emer please vacation xSc",
        "meantime Emer please vacation xDb",
        "meantime Emer Please vacation xDb",
        "meantime Emer Please vacation x Iv",
        "meantime Emer Please vacation x Pl",
        "meantime Emer please vacation x Pl",
        "meantime Emer please vacation xriority",
        "meantime energ please vacation xriority",
        "meantime energ please vacation x CPU",
        "meantime extens please vacation x CPU",
        "meantime Activ please vacation x CPU",
        "meantime******/ please vacation x CPU",
        "meantime//////// please vacation x CPU",
        "meantime,,,, please vacation x CPU",
        "meantime,,,, please vacation op CPU",
        "meantimeadded please vacation op CPU",
        "meantimeAdded please vacation op CPU",
        "meantime afin please vacation op CPU",
        "meantime KIND please vacation op CPU",
        "meantime Bibli please vacation op CPU",
        "meantime accompl please vacation op CPU",
        "meantime Advis please vacation op CPU",
        "meantime Advis please bathroom op CPU",
        "meantime Advis please bathroomXR CPU",
        "meantime Advis please bathroomOr CPU",
        "meantime Inst please bathroomOr CPU",
        "meantimeish please bathroomOr CPU",
        "meantimeish please bathroomOrTool",
        "meantimeish please bathroomOrWater",
        "meantimeish please bathroomOrorno",
        "meantimeish please bathroomOr Jon",
        "meantimeish please bathroomOrSchedule",
        "meantimeish please bathroomOr posto",
        "meantimeish please bathroomOr wallet",
        "meantimeish please bathroom Or wallet",
        "meantime thanks please bathroom Or wallet",
        "meantime.. please bathroom Or wallet",
        "meantime Question please bathroom Or wallet",
        "meantime ? please bathroom Or wallet",
        "meantime ? please bathroom or wallet",
        "meantimeitr please bathroom or wallet",
        "meantimeI please bathroom or wallet",
        "meantimeI please bathroom orutsche",
        "meantimeI please bathroom oryk",
        "meantime i please bathroom oryk",
        "meantime i please bathroom orusk",
        "meantime i please bathroom orych",
        "meantime i please bathroom orych",
        "meantime i please bathroom orych",
        "meantime i please bathroom or prices",
        "meantime i please bathroom or money",
        "meantime i please bathroom or rental",
        "meantime i please bathroom or Sky",
        "meantime i please bathroom orpis",
        "meantime i please bathroom uspis",
        "meantime i please bathroom usmaz",
        "meantime i please bathroom usmaz",
        "meantime i please bathroom us kindness",
        "meantime i please bathroom of kindness",
        "meantime i please bathroom ofrific",
        "meantime i want bathroom ofrific",
        "meantime i want bathroom Fifrific",
        "meantime i want bathroom Fifikh",
        "meantime i want bathroom foikh",
        "meantime i want bathroom fo jeho",
        "meantime i want bathroom ot jeho",
        "meantime i want bathroomygon jeho",
        "meantime i want bathroomygonmao",
        "meantime i want bathroomygon nahm",
        "meantime i want bathroomygon nad",
        "meantime i want bathroomygonucker",
        "meantime i want bathroom thatsucker",
        "meantime i want bathroom thatsichi",
        "meantime I want bathroom thatsichi",
        "meantime I want bathroomniichi",
        "meantime I want bathroom styichi",
        "meantime i want bathroom styichi",
        "meantime i want bathroomprobichi",
        "meantime i want bathroom plichi",
        "meantime i want bathroom plle",
        "meantime I want bathroom plle",
        "meantime I want bathroom therle",
        "meantime I want bathroom therAl",
        "meantime I want bathroom sleAl",
        "meantime i want bathroom sleAl",
        "meantime i want bathroom StreAl",
        "meantime i want bathroom StreENC"
    ]
}