{
    "best_loss": -19.125,
    "best_string": "(**VIEW ~~Private closer beach",
    "losses": [
        -18.234375,
        -18.15625,
        -18.25,
        -18.28125,
        -18.21875,
        -18.59375,
        -18.453125,
        -18.59375,
        -18.515625,
        -18.546875,
        -18.5,
        -18.46875,
        -18.5,
        -18.46875,
        -18.53125,
        -18.5625,
        -18.46875,
        -18.46875,
        -18.46875,
        -18.75,
        -18.8125,
        -18.78125,
        -18.8125,
        -18.84375,
        -18.90625,
        -18.890625,
        -18.875,
        -18.96875,
        -18.875,
        -18.9375,
        -18.921875,
        -18.84375,
        -18.8125,
        -18.875,
        -18.90625,
        -18.84375,
        -18.84375,
        -18.921875,
        -18.90625,
        -18.90625,
        -18.8125,
        -18.8125,
        -18.859375,
        -18.8125,
        -18.75,
        -18.875,
        -18.875,
        -19.03125,
        -19.03125,
        -19.0625,
        -19.0,
        -18.859375,
        -19.03125,
        -18.96875,
        -18.890625,
        -18.96875,
        -19.125,
        -19.03125,
        -19.03125,
        -19.0625,
        -19.0,
        -18.96875,
        -19.03125,
        -18.9375,
        -18.875,
        -18.9375,
        -19.0,
        -19.0,
        -19.0,
        -18.9375,
        -18.9375,
        -18.9375,
        -18.90625,
        -18.9375,
        -19.0,
        -18.9375,
        -19.0,
        -19.0625,
        -19.0625,
        -19.0625,
        -19.0625,
        -19.0625,
        -19.0625,
        -18.90625,
        -18.8125,
        -18.90625,
        -18.9375,
        -18.90625,
        -18.84375,
        -18.9375,
        -18.96875,
        -19.03125,
        -18.96875,
        -18.9375,
        -18.96875,
        -18.96875,
        -18.75,
        -18.84375,
        -18.96875,
        -18.921875
    ],
    "strings": [
        "x x x x x Q",
        "x x x x x questions",
        "x x x x x beg",
        "x x x x xREQ",
        "i x x x xREQ",
        "i put x x xREQ",
        "(& put x x xREQ",
        "(& cat x x xREQ",
        "(** cat x x xREQ",
        "(**oubtedly x x xREQ",
        "(***- x x xREQ",
        "(***- ultra x xREQ",
        "(***-!!! x xREQ",
        "(***)!!! x xREQ",
        "(**_!!! x xREQ",
        "(**_!!! bugs xREQ",
        "(** @!!! bugs xREQ",
        "(** @!!! bugsCALLREQ",
        "(** @!!! bugsCallREQ",
        "(**VIEW!!! bugsCallREQ",
        "(**VIEW!!! bugsCall Auth",
        "(**VIEW!!! bugsne Auth",
        "(**VIEW!!! bugs promot Auth",
        "(**VIEW!!! Foot promot Auth",
        "(**VIEW!!! Foot Race Auth",
        "(**VIEW!!! FootRob Auth",
        "(**VIEW!!! armRob Auth",
        "(**VIEW!!! GunRob Auth",
        "(**VIEW!!! Gun disc Auth",
        "(**VIEW!!! Gun energ Auth",
        "(**VIEW!!! Gun Ign Auth",
        "(**VIEW!!! GunBreak Auth",
        "(**VIEW!!! Gun Pred Auth",
        "(**VIEW!!! Gunob Auth",
        "(**VIEW!!! Gun Harbor Auth",
        "(**VIEW!!! Gunallet Auth",
        "(**VIEW!!! Gun Commander Auth",
        "(**VIEW!!! Gun unconscious Auth",
        "(**VIEW!!! GunRel Auth",
        "(**VIEW!!! Gun Hun Auth",
        "(**VIEW!!! Gunmarker Auth",
        "(**VIEW!!! Gun dash Auth",
        "(**VIEW!!! dig dash Auth",
        "(**VIEW!!! wis dash Auth",
        "(**VIEW!!! personal dash Auth",
        "(**VIEW!!! personal worn Auth",
        "(**VIEW!!! personal worn wrist",
        "(**VIEW!!!Private worn wrist",
        "(**VIEW ~~Private worn wrist",
        "(**VIEW ~~Private wornktop",
        "(**VIEW ~~Private wornhesis",
        "(**VIEW ~~Private worn wounds",
        "(**VIEW ~~Private wornrase",
        "(**VIEW ~~Private closetrase",
        "(**VIEW ~~Private closet dorm",
        "(**VIEW ~~Private closer dorm",
        "(**VIEW ~~Private closer beach",
        "(**VIEW ~~Private prayer beach",
        "(**VIEW ~~PrivateTests beach",
        "(**VIEW ~~Privateivi beach",
        "(**VIEW ~~Private engineers beach",
        "(**VIEW ~~Privateweet beach",
        "(**VIEW ~~Privatehide beach",
        "(**VIEW ~~Privatehide river",
        "(**VIEW ~~Private ils river",
        "(**VIEW ~~PrivateStats river",
        "(**VIEW ~~Privatecleanup river",
        "(**VIEW ~~Private elf river",
        "(**VIEW ~~PrivateGM river",
        "(**VIEW ~~Privateplom river",
        "(**VIEW ~~Privateclient river",
        "(**VIEW ~~PrivateAttachment river",
        "(**VIEW ~~Privateintent river",
        "(**VIEW ~~Private Mask river",
        "(**VIEW ~~Private tiles river",
        "(**VIEW ~~Private tiles backpack",
        "(**VIEW ~~Private characters backpack",
        "(**VIEW ~~Private remem backpack",
        "(**VIEW ~~secure remem backpack",
        "(**VIEW ~~secure behavi backpack",
        "(**VIEW ~~authorized behavi backpack",
        "(**VIEW ~~observ behavi backpack",
        "(**VIEW ~~observ behavi backpack",
        "(**VIEW ~~ attended behavi backpack",
        "(**VIEW ~~saved behavi backpack",
        "(**VIEW ~~ mad behavi backpack",
        "(**VIEW ~~xa behavi backpack",
        "(**VIEW ~~sec behavi backpack",
        "(**VIEW ~~pull behavi backpack",
        "(**VIEW ~~ nr behavi backpack",
        "(**VIEW ~~rl behavi backpack",
        "(**VIEW ~~nab behavi backpack",
        "(**VIEW ~~tik behavi backpack",
        "(**VIEW ~~backup behavi backpack",
        "(**VIEW ~~learn behavi backpack",
        "(**VIEW ~~learn behavi backpack",
        "(**VIEW ~~ Rat behavi backpack",
        "(**VIEW ~~lik behavi backpack",
        "(**VIEW ~~rah behavi backpack",
        "(**VIEW ~~lv behavi backpack"
    ]
}