{
    "best_loss": -16.46875,
    "best_string": "uncap slotsosz++,,add'''",
    "losses": [
        -15.171875,
        -15.4140625,
        -15.59375,
        -15.40625,
        -15.5234375,
        -15.53125,
        -15.703125,
        -15.640625,
        -15.734375,
        -15.8203125,
        -15.890625,
        -16.0,
        -16.03125,
        -16.0625,
        -16.03125,
        -16.03125,
        -16.015625,
        -15.9765625,
        -15.953125,
        -15.9609375,
        -16.0625,
        -16.046875,
        -16.09375,
        -16.125,
        -16.15625,
        -16.125,
        -16.1875,
        -16.125,
        -16.25,
        -16.265625,
        -16.203125,
        -16.15625,
        -16.15625,
        -16.234375,
        -16.375,
        -16.34375,
        -16.09375,
        -16.21875,
        -15.9609375,
        -15.90625,
        -16.09375,
        -16.125,
        -16.15625,
        -16.15625,
        -16.359375,
        -16.21875,
        -16.3125,
        -16.1875,
        -16.40625,
        -16.390625,
        -16.109375,
        -16.125,
        -16.34375,
        -16.296875,
        -16.34375,
        -16.421875,
        -16.328125,
        -16.203125,
        -16.15625,
        -15.953125,
        -16.125,
        -16.1875,
        -16.203125,
        -16.203125,
        -16.21875,
        -16.203125,
        -16.25,
        -16.203125,
        -16.21875,
        -16.21875,
        -16.1875,
        -16.28125,
        -16.25,
        -16.328125,
        -16.375,
        -16.34375,
        -16.25,
        -16.28125,
        -16.421875,
        -16.34375,
        -16.234375,
        -16.28125,
        -16.25,
        -16.21875,
        -16.1875,
        -16.34375,
        -16.328125,
        -16.09375,
        -16.125,
        -16.109375,
        -16.25,
        -16.234375,
        -16.46875,
        -16.375,
        -16.40625,
        -16.34375,
        -16.375,
        -16.34375,
        -16.28125,
        -16.296875
    ],
    "strings": [
        "x x x x x x xissions",
        "x x x x x x x'''",
        "x build x x x x x'''",
        "x buildidy x x x x'''",
        "x buildidy nick x x x'''",
        "x buildidywww x x x'''",
        "x build mbwww x x x'''",
        "x build mbwwwgh x x'''",
        "x build mbwwwgh xzs'''",
        "x build mbwwwgh xwx'''",
        "x build mbwww gar xwx'''",
        "x build mbwww nome xwx'''",
        "x build mbwww rodz xwx'''",
        "x build mbwww vida xwx'''",
        "x build mbwww rodz xwx'''",
        "x build mbwww groupe xwx'''",
        "x build mbwww jel xwx'''",
        "x build mbwww jed xwx'''",
        "x build mbwww lavor xwx'''",
        "x build mbwww lavor $,wx'''",
        "x build mbwww lavor $,qq'''",
        "x build mb nav lavor $,qq'''",
        "x build mb nav familie $,qq'''",
        "x build mb nav klub $,qq'''",
        "x build mb ob klub $,qq'''",
        "x build ca ob klub $,qq'''",
        "x build ca ob klub $,hdd'''",
        "x build uri ob klub $,hdd'''",
        "x build uri ob klub $,add'''",
        "x build addr ob klub $,add'''",
        "x build addr BB klub $,add'''",
        "x build addr BB club $,add'''",
        "x build addr fres club $,add'''",
        "x build addr fres tribe $,add'''",
        "x build addr fre tribe $,add'''",
        "x build addr fre tribe,,add'''",
        "x build addr%, tribe,,add'''",
        "x build addr prec tribe,,add'''",
        "x build addr prec tribe,,notify'''",
        "x build addr-, tribe,,notify'''",
        "x build addr-,++,,notify'''",
        "x build addr dial++,,notify'''",
        "x build addr dial++,,requests'''",
        "x build addr addr++,,requests'''",
        "x build addr addr++,,input'''",
        "x build addrww++,,input'''",
        "x buildREQww++,,input'''",
        "x buildREQww++,,bed'''",
        "x buildpkww++,,bed'''",
        "x buildpkbild++,,bed'''",
        "x buildpk nl++,,bed'''",
        "x buildpk sull++,,bed'''",
        "x buildpkkl++,,bed'''",
        "x buildradiuskl++,,bed'''",
        "x buildradiuskl++,,bd'''",
        "x buildradiuskl++,,add'''",
        "x builddepthkl++,,add'''",
        "x builddepthdz++,,add'''",
        "x build ikdz++,,add'''",
        "x vict ikdz++,,add'''",
        "x won ikdz++,,add'''",
        "x won ikww++,,add'''",
        "xcamp ikww++,,add'''",
        "xcamp ikji++,,add'''",
        "xcamp ikww++,,add'''",
        "xcamp ikinn++,,add'''",
        "xcache ikinn++,,add'''",
        "xcache ibinn++,,add'''",
        "xctl ibinn++,,add'''",
        "xctl ibsn++,,add'''",
        "xctl ibAK++,,add'''",
        "xctl ibawi++,,add'''",
        "xctl ibovo++,,add'''",
        "xctl ibbros++,,add'''",
        "xctl ibosz++,,add'''",
        "xctl abosz++,,add'''",
        "xctl dishesosz++,,add'''",
        "xctl easosz++,,add'''",
        "xctl kosz++,,add'''",
        "x sip kosz++,,add'''",
        "xsf kosz++,,add'''",
        "xsm kosz++,,add'''",
        "undsm kosz++,,add'''",
        "unddid kosz++,,add'''",
        "undBo kosz++,,add'''",
        "undcap kosz++,,add'''",
        "unwcap kosz++,,add'''",
        "unwcap sqosz++,,add'''",
        "unwcap swosz++,,add'''",
        "unwcap xosz++,,add'''",
        "uncap xosz++,,add'''",
        "uncap spelosz++,,add'''",
        "uncap slotsosz++,,add'''",
        "uncap poposz++,,add'''",
        "uncap poposz++,,invoke'''",
        "uncap hoosz++,,invoke'''",
        "uncap blankosz++,,invoke'''",
        "uncapkkosz++,,invoke'''",
        "uncap nonsosz++,,invoke'''",
        "uncap oosz++,,invoke'''"
    ]
}