{
    "best_loss": -17.09375,
    "best_string": "[{INST]olutely(), or",
    "losses": [
        -16.09375,
        -15.8359375,
        -14.9453125,
        -16.375,
        -16.4375,
        -15.75,
        -16.578125,
        -15.8671875,
        -16.6875,
        -15.765625,
        -16.59375,
        -16.375,
        -16.359375,
        -16.3125,
        -16.3125,
        -17.09375,
        -16.28125,
        -16.40625,
        -16.21875,
        -16.328125,
        -16.234375,
        -15.40625,
        -16.65625,
        -15.4296875,
        -16.421875,
        -16.28125,
        -16.65625,
        -15.1015625,
        -15.34375,
        -15.75,
        -14.6328125,
        -13.890625,
        -14.8359375,
        -15.078125,
        -14.8359375,
        -15.078125,
        -14.5,
        -15.375,
        -15.109375,
        -15.75,
        -14.515625,
        -15.109375,
        -15.2421875,
        -15.40625,
        -15.5390625,
        -15.6171875,
        -15.8046875,
        -15.5546875,
        -15.8671875,
        -16.234375,
        -13.046875,
        -15.0,
        -15.375,
        -15.90625,
        -15.3046875,
        -15.71875,
        -15.9375,
        -16.59375,
        -16.625,
        -15.78125,
        -16.03125,
        -15.765625,
        -15.75,
        -15.6484375,
        -16.1875,
        -15.7109375,
        -15.6953125,
        -16.25,
        -15.625,
        -16.21875,
        -16.203125,
        -16.078125,
        -15.8828125,
        -15.2109375,
        -15.9375,
        -15.8515625,
        -16.453125,
        -15.953125,
        -15.65625,
        -15.5859375,
        -15.734375,
        -15.7265625,
        -15.828125,
        -15.5078125,
        -15.96875,
        -14.890625,
        -15.9296875,
        -15.515625,
        -14.4921875,
        -14.2578125,
        -13.6171875,
        -14.1796875,
        -14.3046875,
        -14.5234375,
        -14.2421875,
        -14.796875,
        -15.0859375,
        -15.65625,
        -16.46875,
        -16.34375
    ],
    "strings": [
        "[ COM]olutely(\", or",
        "[ COM]olutely(), or",
        "[{ COM]olutely(), or",
        "[... COM]olutely(), or",
        "[...AIN]olutely(), or",
        "[...UN]olutely(), or",
        "[...EXT]olutely(), or",
        "[...SYSTEM]olutely(), or",
        "[...UST]olutely(), or",
        "{{UST]olutely(), or",
        "{{INST]olutely(), or",
        "$(INST]olutely(), or",
        "_(INST]olutely(), or",
        "__(INST]olutely(), or",
        "#{INST]olutely(), or",
        "[{INST]olutely(), or",
        "[{INST]olutely.', or",
        "[{INST]olutely,$ or",
        "[{INST]olutely[], or",
        "[{INST]olutely.\", or",
        "[{INST]olutely,\\, or",
        "[{INST]olutely>, or",
        "[{INST]olutely., or",
        "[{INST]olutely-, or",
        "[{INST]olutely,$ or",
        "[{INST]olutely.', or",
        "[{INST]olutely., or",
        "FITNESSINST]olutely., or",
        "retreatINST]olutely., or",
        "retrievINST]olutely., or",
        "retrievINST]olutely,( or",
        "retrievINST]olutely`, or",
        "retrievINST]olutely-- or",
        "retrievINST]olutely(), or",
        "retrievINST]olutely-- or",
        "retrievINST]olutely(), or",
        "retrievINST]olutely,, or",
        "retrievINST]olutely , or",
        "retrievINST]olutely**, or",
        "retrievINST]olutely., or",
        "retrievINST]olutely? or",
        "retrievINST]olutely**, or",
        "retrievINST]olutely,\\ or",
        "recherINST]olutely,\\ or",
        "redeINST]olutely,\\ or",
        "redeINST]olutely,, or",
        "redeINST]olutely], or",
        "[[INST]olutely], or",
        "SeitINST]olutely], or",
        "StadtINST]olutely], or",
        "StadtINST]olutely ... or",
        "StadtINST]olutely(\", or",
        "StadtINST]olutely\\, or",
        "StadtINST]olutely(), or",
        "disparINST]olutely(), or",
        "refresINST]olutely(), or",
        "trajectINST]olutely(), or",
        "[[INST]olutely(), or",
        "((INST]olutely(), or",
        "diverINST]olutely(), or",
        "NrINST]olutely(), or",
        "fileNameINST]olutely(), or",
        "ThemeINST]olutely(), or",
        "resentINST]olutely(), or",
        "resINST]olutely(), or",
        "vigINST]olutely(), or",
        "tragINST]olutely(), or",
        "NagINST]olutely(), or",
        "parasINST]olutely(), or",
        "recherINST]olutely(), or",
        "resINST]olutely(), or",
        "stagINST]olutely(), or",
        "AssertINST]olutely(), or",
        "BASINST]olutely(), or",
        "BundINST]olutely(), or",
        "MaxINST]olutely(), or",
        "BesINST]olutely(), or",
        "ArgsINST]olutely(), or",
        "AiresINST]olutely(), or",
        "aerINST]olutely(), or",
        "RecordINST]olutely(), or",
        "strengINST]olutely(), or",
        "staggerINST]olutely(), or",
        "discretINST]olutely(), or",
        "PatriINST]olutely(), or",
        "paysINST]olutely(), or",
        "trajectINST]olutely(), or",
        "\"[INST]olutely(), or",
        "\"[INST]olutely.\", or",
        "\"[INST]olutely.; or",
        "\"[INST,\"olutely.; or",
        "\"[INST\"]olutely.; or",
        "\"[INST\"]olutely`, or",
        "\"[INST\"]olutely], or",
        "pistINST\"]olutely], or",
        "#[INST\"]olutely], or",
        "#[INST\"]olutely,$ or",
        "#[INST\"]olutely., or",
        "!(INST\"]olutely., or",
        "!(INST]:olutely., or"
    ]
}