{
    "best_loss": -17.9375,
    "best_string": "x X completed okai buddy..... guaranteed",
    "losses": [
        -16.59375,
        -17.0625,
        -17.3125,
        -17.125,
        -16.984375,
        -17.03125,
        -16.984375,
        -16.90625,
        -17.15625,
        -17.15625,
        -17.25,
        -17.0625,
        -17.1875,
        -17.1875,
        -17.0,
        -17.125,
        -17.53125,
        -17.578125,
        -17.703125,
        -17.6875,
        -17.53125,
        -17.6875,
        -17.734375,
        -17.65625,
        -17.71875,
        -17.78125,
        -17.828125,
        -17.921875,
        -17.8125,
        -17.78125,
        -17.921875,
        -17.9375,
        -17.875,
        -17.671875,
        -17.875,
        -17.84375,
        -17.703125,
        -17.78125,
        -17.796875,
        -17.6875,
        -17.65625,
        -17.6875,
        -17.75,
        -17.578125,
        -17.71875,
        -17.71875,
        -17.6875,
        -17.65625,
        -17.640625,
        -17.640625,
        -17.71875,
        -17.515625,
        -17.71875,
        -17.625,
        -17.421875,
        -17.40625,
        -17.4375,
        -17.46875,
        -17.4375,
        -17.5625,
        -17.53125,
        -17.5,
        -17.5,
        -17.46875,
        -17.375,
        -17.34375,
        -17.5,
        -17.40625,
        -17.5,
        -17.46875,
        -17.421875,
        -17.5,
        -17.5,
        -17.28125,
        -17.40625,
        -17.40625,
        -17.5625,
        -17.453125,
        -17.34375,
        -17.375,
        -17.390625,
        -17.34375,
        -17.4375,
        -17.5,
        -17.671875,
        -17.65625,
        -17.71875,
        -17.53125,
        -17.5,
        -17.78125,
        -17.65625,
        -17.65625,
        -17.59375,
        -17.53125,
        -17.703125,
        -17.703125,
        -17.734375,
        -17.71875,
        -17.71875,
        -17.4375
    ],
    "strings": [
        "x x x x x x x guaranteed",
        "x x completed x x x x guaranteed",
        "xxxx completed x x x x guaranteed",
        "x X completed x x x x guaranteed",
        "x X completed xX x x guaranteed",
        "x X completed xx x x guaranteed",
        "x X completed xX x x guaranteed",
        "x X completed xXxC x guaranteed",
        "x X completed xXxC XXX guaranteed",
        "x X completed xXxC XXX guaranteed",
        "x X completed xXxC..... guaranteed",
        "x X completed xXPs..... guaranteed",
        "x X completed xXxs..... guaranteed",
        "x X completed xExxs..... guaranteed",
        "x X completed xMartxs..... guaranteed",
        "x X completed OkMartxs..... guaranteed",
        "x X completed OkMarty..... guaranteed",
        "x X completed Ok Dicky..... guaranteed",
        "x X completed Ok Dick buddy..... guaranteed",
        "x X completed Okwave buddy..... guaranteed",
        "x X completed OkWh buddy..... guaranteed",
        "x X completed Okille buddy..... guaranteed",
        "x X completed Okagr buddy..... guaranteed",
        "x X completed Ok gam buddy..... guaranteed",
        "x X completed Ok sweet buddy..... guaranteed",
        "x X completed Ok pets buddy..... guaranteed",
        "x X completed Okboys buddy..... guaranteed",
        "x X completed okboys buddy..... guaranteed",
        "x X completed okores buddy..... guaranteed",
        "x X completed okests buddy..... guaranteed",
        "x X completed okai buddy..... guaranteed",
        "x X completed okai buddy..... guaranteed",
        "x X completed ok little buddy..... guaranteed",
        "x X completed okeng buddy..... guaranteed",
        "x X completed okalie buddy..... guaranteed",
        "x X completed okaling buddy..... guaranteed",
        "x X completed okidal buddy..... guaranteed",
        "x X completed okok buddy..... guaranteed",
        "x target completed okok buddy..... guaranteed",
        "x pur completed okok buddy..... guaranteed",
        "x clean completed okok buddy..... guaranteed",
        "x acc completed okok buddy..... guaranteed",
        "x AC completed okok buddy..... guaranteed",
        "x AC completed okok buddy==== guaranteed",
        "x AC completed okok buddy........ guaranteed",
        "x AC completed okok buddy........ guaranteed",
        "x AC completed okok buddy!!!! guaranteed",
        "x AC completed okok buddy................ guaranteed",
        "x AC completed okok buddy~~~~~~~~ guaranteed",
        "x AC completed okok buddy---- guaranteed",
        "x AC completed okok buddy........ guaranteed",
        "x aapt completed okok buddy........ guaranteed",
        "x ids completed okok buddy........ guaranteed",
        "x ids completed okok Baby........ guaranteed",
        "x ids completed okok Baby!!! guaranteed",
        "x ids completed okok akt!!! guaranteed",
        "x ids completed okoksan!!! guaranteed",
        "x ids completed okokhad!!! guaranteed",
        "x ids completed okokhum!!! guaranteed",
        "x ids completed okokcen!!! guaranteed",
        "x ids completed okokugin!!! guaranteed",
        "x ids completed okokkim!!! guaranteed",
        "x ids completed okokhem!!! guaranteed",
        "x ids completed okokem!!! guaranteed",
        "x ids completed okok gob!!! guaranteed",
        "x ids completed okokuch!!! guaranteed",
        "x ids completed okokuz!!! guaranteed",
        "x ids completed okokont!!! guaranteed",
        "x ids completed okokbu!!! guaranteed",
        "x ids completed okokru!!! guaranteed",
        "x ids completed okokut!!! guaranteed",
        "x ids completed okokod!!! guaranteed",
        "x ids completed okokod!!! guaranteed",
        "x ids completed okok listade!!! guaranteed",
        "x ids completed okok akt!!! guaranteed",
        "x ids completed okoklane!!! guaranteed",
        "x ids completed okoklan!!! guaranteed",
        "x ids completed okok ***!!! guaranteed",
        "x ids completed okok +!!! guaranteed",
        "x IS completed okok +!!! guaranteed",
        "x IS completed okok soon!!! guaranteed",
        "x equ completed okok soon!!! guaranteed",
        "x equ completed okok soon-------- guaranteed",
        "x equ completed okok soon//////// guaranteed",
        "x tb completed okok soon//////// guaranteed",
        "x pob completed okok soon//////// guaranteed",
        "x pob completed okok soon~~~~ guaranteed",
        "x pob completed ok openly soon~~~~ guaranteed",
        "xpyx completed ok openly soon~~~~ guaranteed",
        "x x completed ok openly soon~~~~ guaranteed",
        "x x completed ok openly soon---- guaranteed",
        "x x completed ok openly soon---- guaranteed",
        "x x completed ok openly soon................ guaranteed",
        "x x completed ok openly soon----- guaranteed",
        "x x completed ok openly soon//////// guaranteed",
        "x x completed ok openly soon//////// guaranteed",
        "x x completed ok openly soon........ guaranteed",
        "x x completed ok manually soon........ guaranteed",
        "x x jan ok manually soon........ guaranteed",
        "x x jan okDesc soon........ guaranteed"
    ]
}