{
    "best_loss": -17.3125,
    "best_string": "x x x go bathroom >=",
    "losses": [
        -16.734375,
        -16.765625,
        -16.859375,
        -16.78125,
        -16.890625,
        -16.875,
        -16.8125,
        -16.78125,
        -16.96875,
        -16.875,
        -16.890625,
        -16.890625,
        -17.15625,
        -17.140625,
        -17.140625,
        -17.21875,
        -17.015625,
        -16.96875,
        -16.90625,
        -17.0,
        -16.84375,
        -16.921875,
        -17.0,
        -17.09375,
        -17.125,
        -17.03125,
        -17.15625,
        -17.1875,
        -17.28125,
        -17.25,
        -17.28125,
        -17.125,
        -17.21875,
        -17.25,
        -17.21875,
        -17.171875,
        -17.3125,
        -17.25,
        -17.25,
        -17.203125,
        -17.25,
        -17.1875,
        -17.15625,
        -16.984375,
        -16.96875,
        -17.0625,
        -17.015625,
        -16.96875,
        -16.96875,
        -16.9375,
        -17.09375,
        -17.046875,
        -17.09375,
        -17.125,
        -17.109375,
        -17.0625,
        -16.90625,
        -17.078125,
        -17.0625,
        -16.8125,
        -17.0625,
        -17.15625,
        -16.953125,
        -16.9375,
        -16.96875,
        -17.015625,
        -17.109375,
        -17.0625,
        -17.078125,
        -16.953125,
        -17.21875,
        -17.125,
        -17.0625,
        -16.9375,
        -16.921875,
        -16.625,
        -16.5625,
        -16.46875,
        -16.40625,
        -16.78125,
        -16.84375,
        -16.875,
        -16.84375,
        -16.9375,
        -17.03125,
        -17.03125,
        -17.0,
        -16.9375,
        -16.8125,
        -17.0625,
        -16.90625,
        -17.0625,
        -17.0,
        -16.9375,
        -17.0625,
        -17.21875,
        -17.25,
        -17.25,
        -17.28125,
        -17.21875
    ],
    "strings": [
        "x x x x x >",
        "x x x x x,",
        "x x x x xreq",
        "x x x x xcamp",
        "x x x x PRcamp",
        "x x x x wcamp",
        "x x xSUB wcamp",
        "x x x\\, wcamp",
        "x x x.. wcamp",
        "x x x naj wcamp",
        "x x x naj wcli",
        "x x x go wcli",
        "x x x go bathroomcli",
        "x x x go bathroomUtils",
        "x x x go bathroomUtils",
        "x x x go bathroomflags",
        "x x x go bathroom ~=",
        "x x x go bathroom acc",
        "x x x go bathroom rack",
        "x x x go bathroom+",
        "x x x go bathroom tan",
        "x x x go bathroomFilename",
        "x x x go bathroom fin",
        "x x x go bathroomisle",
        "x x x go bathroomOPT",
        "x x x go bathroom edific",
        "x x x go bathroomhelper",
        "x x x go bathroomMillis",
        "x x x go bathroomaddr",
        "x x x go bathroomDB",
        "x x x go bathroomConfig",
        "x x x go bathroom fileName",
        "x x x go bathroomReq",
        "x x x go bathroomcmd",
        "x x x go bathroomCMD",
        "x x x go bathroom AC",
        "x x x go bathroom >=",
        "x x x go bathroomgetItem",
        "x x x go bathroomgetElement",
        "x x x go bathroomElements",
        "x x x go bathroomBytes",
        "x x x go bathroomEffect",
        "x x x go bathroomPolicy",
        "x x x go bathroom junk",
        "x x x go bathroom neuen",
        "x x x go bathroom foo",
        "x x x go bathroom ~=",
        "x x x go bathroom acc",
        "x x x go bathroom fins",
        "x x x go inventory fins",
        "x x x go inventorylimit",
        "x x x go natlimit",
        "x x x --- natlimit",
        "x x x ---maglimit",
        "x x x ---invlimit",
        "x x x ---taglimit",
        "x x x ---taglt",
        "x x x ---tagmult",
        "x x x ---tagNORMAL",
        "x x x ---taglogin",
        "x x x ---tagNORMAL",
        "x x x ---tagadmin",
        "x x x ---magadmin",
        "x x x ---magSetup",
        "x x x --- agSetup",
        "x x x --- ragSetup",
        "x x x ---teamSetup",
        "x x x ---teamdelta",
        "x x x ---teamdiag",
        "x x x ---teamDim",
        "x x x ---teamvars",
        "x x x ---protovars",
        "x x\\- ---protovars",
        "x x\\- ---domvars",
        "x x\\- ---nevervars",
        "x xunderline ---nevervars",
        "x xunderline <nevervars",
        "x xunderline <neveriens",
        "x xunderline <oneiens",
        "x xunderline <onealer",
        "x xexit <onealer",
        "x xxx <onealer",
        "x xxx <oneNum",
        "x xxx <exampleNum",
        "x xxx <YourNum",
        "x xxx <YourNum",
        "x xxx <Your Number",
        "x xxx <next Number",
        "x xxx < YOUR Number",
        "x xxx <this Number",
        "x xxx <thismenu",
        "x xxx <mysmenu",
        "> xxx <mysmenu",
        "> xxx <hfmenu",
        "> xxx <hwmenu",
        "> xxx runhwmenu",
        "> xoration runhwmenu",
        "> xoration runnfmenu",
        "> xoration runnammenu",
        "> forkoration runnammenu"
    ]
}