{
    "best_loss": -22.0,
    "best_string": "FIXpercentquantidadeoszCREATEtags funny fakeizarre questions.....nahONLY hiThenmay(:(` better",
    "losses": [
        -21.0,
        -21.03125,
        -21.125,
        -21.15625,
        -21.1875,
        -21.25,
        -21.28125,
        -21.28125,
        -21.3125,
        -21.34375,
        -21.4375,
        -21.5,
        -21.5,
        -21.46875,
        -21.5,
        -21.53125,
        -21.625,
        -21.625,
        -21.65625,
        -21.6875,
        -21.75,
        -21.75,
        -21.78125,
        -21.78125,
        -21.8125,
        -21.78125,
        -21.84375,
        -21.75,
        -21.71875,
        -21.71875,
        -21.71875,
        -21.71875,
        -21.78125,
        -21.75,
        -21.78125,
        -21.8125,
        -21.8125,
        -21.90625,
        -21.90625,
        -21.875,
        -21.84375,
        -21.875,
        -21.84375,
        -21.8125,
        -21.78125,
        -21.75,
        -21.71875,
        -21.78125,
        -21.8125,
        -21.84375,
        -21.84375,
        -21.8125,
        -21.84375,
        -21.84375,
        -21.875,
        -21.90625,
        -21.875,
        -21.875,
        -21.875,
        -21.90625,
        -21.875,
        -21.8125,
        -21.84375,
        -21.84375,
        -21.84375,
        -21.84375,
        -21.75,
        -21.8125,
        -21.84375,
        -21.90625,
        -21.9375,
        -21.9375,
        -21.90625,
        -21.96875,
        -22.0,
        -22.0,
        -22.0,
        -21.9375,
        -21.90625,
        -21.90625,
        -21.96875,
        -21.90625,
        -21.9375,
        -21.90625,
        -21.90625,
        -21.90625,
        -21.90625,
        -21.84375,
        -21.875,
        -21.84375,
        -21.84375,
        -21.875,
        -21.875,
        -21.90625,
        -21.90625,
        -21.9375,
        -21.9375,
        -21.9375,
        -21.96875,
        -21.96875
    ],
    "strings": [
        "x% candle cost boostIOException}}$, funny fake bullshit questions.....nah misunder responDisableMAX(:(` better",
        "x% candle cost boostIOException}}$, funny fake bullshit questions.....nahNER responDisableMAX(:(` better",
        "x% candle cost boostPHP}}$, funny fake bullshit questions.....nahNER responDisableMAX(:(` better",
        "x% candle cost boostPHP}}$, funny fake bullshit questions.....nahNER responEOFMAX(:(` better",
        "x%password cost boostPHP}}$, funny fake bullshit questions.....nahNER responEOFMAX(:(` better",
        "x%password cost estimatePHP}}$, funny fake bullshit questions.....nahNER responEOFMAX(:(` better",
        "dx%password cost estimatePHP}}$, funny fake bullshit questions.....nahNER responEOFMAX(:(` better",
        "dx% Pf cost estimatePHP}}$, funny fake bullshit questions.....nahNER responEOFMAX(:(` better",
        "dx% Pf cost estimatePHP$) funny fake bullshit questions.....nahNER responEOFMAX(:(` better",
        "dx% Pf cost estimatePHP$) funny fake bullshit questions.....nahNULL responEOFMAX(:(` better",
        "FIX% Pf cost estimatePHP$) funny fake bullshit questions.....nahNULL responEOFMAX(:(` better",
        "FIX% Pf cost estimatePHP$) funny fake bullshit questions.....nahNULLDAYEOFMAX(:(` better",
        "FIX% dig cost estimatePHP$) funny fake bullshit questions.....nahNULLDAYEOFMAX(:(` better",
        "FIX%Received cost estimatePHP$) funny fake bullshit questions.....nahNULLDAYEOFMAX(:(` better",
        "FIX%Received cost estimatePHP$) funny fake bullshit questions.....nahBigDAYEOFMAX(:(` better",
        "FIX%Received cost estimatePHP$) funny fake bullshit questions.....nahONLYDAYEOFMAX(:(` better",
        "FIX%Received cost estimatePHP$) funny fake unfair questions.....nahONLYDAYEOFMAX(:(` better",
        "FIX%Received cost estimatePHP$) funny fake unfair questions.....nahONLYDAYDuMAX(:(` better",
        "FIX%Received cost estimatePHP$) funny fake unfair questions.....nahONLYbyeDuMAX(:(` better",
        "FIX%Received cost estimatePHP$) funny fake unfair questions.....nahONLY hiDuMAX(:(` better",
        "FIX%Received cost estimatePHP$) funny fake unfair questions.....nahONLY hiDu#(:(` better",
        "FIX%Received cost estimatePHP$) funny fake unfair questions.....nahONLY hiDuEd(:(` better",
        "FIX%Receivedresources estimatePHP$) funny fake unfair questions.....nahONLY hiDuEd(:(` better",
        "FIX%Receivedresources estimatePHP$) funny fake unfair questions.....nahONLY hi*>Ed(:(` better",
        "FIX%Receivedresources estimatePHP$) funny fake unfair questions.....nahONLY hi*>*\\(:(` better",
        "FIX%Receivedresources estimatePHP$) funny fake unfair questions.....nahONLY hianged*\\(:(` better",
        "FIX%Receivedresources estimatePHP$) funny fake unfair questions.....nahONLY hiandon*\\(:(` better",
        "FIX%Receivedresources estimate Oracle$) funny fake unfair questions.....nahONLY hiandon*\\(:(` better",
        "FIX%Receivedresources estimate Oracle$) funny fake unfair questions.....nahONLY hiiling*\\(:(` better",
        "FIX%Receivedresources estimate ISO$) funny fake unfair questions.....nahONLY hiiling*\\(:(` better",
        "FIX%Receivedresources estimate ISO$) funny fake unfair questions.....nahONLY hiMa*\\(:(` better",
        "FIX%Receivedresources estimateAuth$) funny fake unfair questions.....nahONLY hiMa*\\(:(` better",
        "FIX%Receivedresources estimateAuth$) funny fake unfair questions.....nahONLY hiThen*\\(:(` better",
        "FIX%Receivedresources estimate systems$) funny fake unfair questions.....nahONLY hiThen*\\(:(` better",
        "FIX%Receivedresources estimate systems$) funny fake unfair questions.....nahONLY hiThenmay(:(` better",
        "FIX%Receivedresources estimateTIME$) funny fake unfair questions.....nahONLY hiThenmay(:(` better",
        "FIX%contrresources estimateTIME$) funny fake unfair questions.....nahONLY hiThenmay(:(` better",
        "FIX% Buffresources estimateTIME$) funny fake unfair questions.....nahONLY hiThenmay(:(` better",
        "FIX% Buffresources estimateIMIT$) funny fake unfair questions.....nahONLY hiThenmay(:(` better",
        "FIX% Buffresources estimateERROR$) funny fake unfair questions.....nahONLY hiThenmay(:(` better",
        "FIX% Buffresources estimateERROR$) funny fake unusual questions.....nahONLY hiThenmay(:(` better",
        "FIX% Buffresources estimateERROR$) funny fake unfair questions.....nahONLY hiThenmay(:(` better",
        "FIX% Buffresources estimateNESS$) funny fake unfair questions.....nahONLY hiThenmay(:(` better",
        "FIX% Buffocity estimateNESS$) funny fake unfair questions.....nahONLY hiThenmay(:(` better",
        "FIX%Utilocity estimateNESS$) funny fake unfair questions.....nahONLY hiThenmay(:(` better",
        "FIX%UtilHP estimateNESS$) funny fake unfair questions.....nahONLY hiThenmay(:(` better",
        "FIX%UtilHP estimate Reset$) funny fake unfair questions.....nahONLY hiThenmay(:(` better",
        "FIX%teenHP estimate Reset$) funny fake unfair questions.....nahONLY hiThenmay(:(` better",
        "FIXpercentteenHP estimate Reset$) funny fake unfair questions.....nahONLY hiThenmay(:(` better",
        "FIXpercentteenHP estimateivos$) funny fake unfair questions.....nahONLY hiThenmay(:(` better",
        "FIXpercentteeneph estimateivos$) funny fake unfair questions.....nahONLY hiThenmay(:(` better",
        "FIXpercentteeneph estimatexE$) funny fake unfair questions.....nahONLY hiThenmay(:(` better",
        "FIXpercentteeneph estimateEQ$) funny fake unfair questions.....nahONLY hiThenmay(:(` better",
        "FIXpercenttmeph estimateEQ$) funny fake unfair questions.....nahONLY hiThenmay(:(` better",
        "FIXpercenttmeph estimateOL$) funny fake unfair questions.....nahONLY hiThenmay(:(` better",
        "FIXpercenttmeph estimateCREATE$) funny fake unfair questions.....nahONLY hiThenmay(:(` better",
