{
    "best_loss": -18.609375,
    "best_string": "px epicX spawn CSS opponent asymointisely since Type equipped Greovunique duringWiseconds assignmentpolation",
    "losses": [
        -15.8984375,
        -16.0625,
        -16.21875,
        -16.34375,
        -16.515625,
        -16.578125,
        -16.671875,
        -16.71875,
        -16.78125,
        -16.78125,
        -16.78125,
        -16.78125,
        -16.8125,
        -16.875,
        -16.90625,
        -16.96875,
        -17.0625,
        -17.125,
        -17.15625,
        -17.1875,
        -17.28125,
        -17.40625,
        -17.40625,
        -17.40625,
        -17.46875,
        -17.578125,
        -17.59375,
        -17.625,
        -17.671875,
        -17.6875,
        -17.75,
        -17.796875,
        -17.859375,
        -17.84375,
        -17.859375,
        -17.84375,
        -17.875,
        -17.90625,
        -17.90625,
        -17.9375,
        -17.96875,
        -18.0,
        -18.03125,
        -18.140625,
        -18.1875,
        -18.15625,
        -18.125,
        -18.09375,
        -18.078125,
        -18.078125,
        -18.15625,
        -18.15625,
        -18.1875,
        -18.25,
        -18.234375,
        -18.1875,
        -18.21875,
        -18.265625,
        -18.34375,
        -18.3125,
        -18.328125,
        -18.3125,
        -18.28125,
        -18.3125,
        -18.328125,
        -18.34375,
        -18.40625,
        -18.359375,
        -18.34375,
        -18.375,
        -18.375,
        -18.3125,
        -18.3125,
        -18.40625,
        -18.375,
        -18.375,
        -18.40625,
        -18.375,
        -18.40625,
        -18.34375,
        -18.34375,
        -18.4375,
        -18.46875,
        -18.484375,
        -18.515625,
        -18.5,
        -18.40625,
        -18.5,
        -18.53125,
        -18.53125,
        -18.609375,
        -18.53125,
        -18.578125,
        -18.5625,
        -18.5,
        -18.515625,
        -18.5625,
        -18.59375,
        -18.609375,
        -18.453125
    ],
    "strings": [
        "x epic x x x x x x x x x x x x x x x x x x",
        "px epic x x x x x x x x x x x x x x x x x x",
        "px epic x required x x x x x x x x x x x x x x x x",
        "px epic x required x x acquired x x x x x x x x x x x x x",
        "px epic x required x x acquired xologically x x x x x x x x x x x",
        "px epic x required x x acquired xologically x x x x x x give x x x x",
        "px epic x required x x acquired xologically x mini x x x x give x x x x",
        "px epic x required x x acquired xologically x mini x x x x giveW x x x",
        "px epic x required x x acquired xologically x mini x x x x giveW w x x",
        "px epic x required x x acquired xologically x Craft x x x x giveW w x x",
        "px epic x required BE x acquired xologically x Craft x x x x giveW w x x",
        "px epic x required BE x acquired xologically x Craft x x x x giveW w For x",
        "px epic x required BE x acquired xologically x Craft snow x x x giveW w For x",
        "px epic x required BE x asym xologically x Craft snow x x x giveW w For x",
        "px epic x required BB x asym xologically x Craft snow x x x giveW w For x",
        "px epic x requires BB x asym xologically x Craft snow x x x giveW w For x",
        "px epic x requires BB x asym xologically x Craft snow x x x giveW w ForVE",
        "px epic x requires BB x asym xologically x Craft snow x x x giveWpse ForVE",
        "px epic x spawn BB x asym xologically x Craft snow x x x giveWpse ForVE",
        "px epic x spawn BBgu asym xologically x Craft snow x x x giveWpse ForVE",
        "px epic x spawn BBHAND asym xologically x Craft snow x x x giveWpse ForVE",
        "px epic x spawn BBHAND asym xologically via Craft snow x x x giveWpse ForVE",
        "px epic x spawn BBHAND asym xologically via Craft snow nl x x giveWpse ForVE",
        "px epic x spawn BBHAND asym xologically via Craft timing nl x x giveWpse ForVE",
        "px epic x spawn BBHAND asym xologically via Craft timing nl x x giveWpse For Json",
        "px epic x spawn BBHAND asym xologically via Craft stats nl x x giveWpse For Json",
        "px epic x spawn BBHAND asym xologically uit Craft stats nl x x giveWpse For Json",
        "px epic x spawn BBHAND asym xologically uit Craft stats nl x x giveWquate For Json",
        "px epic x spawn BBHAND asym xologically till Craft stats nl x x giveWquate For Json",
        "px epic x spawn BBHAND asym xologically till Craft stats nlzed x giveWquate For Json",
        "px epic x spawn BBHAND asym xologically till Craft stats Ledzed x giveWquate For Json",
        "px epic x spawn BBHAND asym xologically till Craft stats Ledzed comp giveWquate For Json",
        "px epic x spawn BBHAND asym xologically till Craft stats LedFixed comp giveWquate For Json",
        "px epic x spawn BBHAND asym xologically till Craft stats LedFixed comp giveWInclude For Json",
        "px epic x spawn BBHAND asym xologically till Craft stats togetFixed comp giveWInclude For Json",
        "px epic x spawn BBHAND asym xologically till Craft stats togetFixed comp duringWInclude For Json",
        "px epic x spawn BBHAND asym xologically till Craft stats togetINSTANCE comp duringWInclude For Json",
        "px epic x spawn BBHAND asym xologically till Craft stats togetINSTANCE comp duringWIncludewidth Json",
        "px epic x spawn BBHAND asym xologically till Craft stats togetINSTANCE comp duringWIncludeape Json",
        "px epic x spawn BBHAND asym xologically inside Craft stats togetINSTANCE comp duringWIncludeape Json",
        "px epic x spawn TFHAND asym xologically inside Craft stats togetINSTANCE comp duringWIncludeape Json",
        "px epic x spawn TFponent asym xologically inside Craft stats togetINSTANCE comp duringWIncludeape Json",
        "px epic x spawn TFponent asym xologically inside Craft stats togetINSTANCE comp duringWIncludepped Json",
        "px epicxB spawn TFponent asym xologically inside Craft stats togetINSTANCE comp duringWIncludepped Json",
        "px epicxB spawn TFponent asym xologically inside Craft stats togetINSTANCE comp duringWInclude sans Json",
        "px epicxB spawn TFponent asym xologically inside Craft stats togetINSTANCE comp duringWInclude sansComparator",
        "px epicxB spawn TFponent asymemetologically inside Craft stats togetINSTANCE comp duringWInclude sansComparator",
        "px epicxB spawn TFponent asymemetologically inside Craft stats togetINSTANCE comp duringWInclude sansantage",
        "px epicxB spawn TFponent asymemetologically inside Craft stats togetINSTANCE comp duringWMath sansantage",
        "px epicxB spawn TFponent asymemetologically inside Craft stats togetINSTANCE comp duringWMath seamantage",
        "px epicxB spawn TFponent asymemetologically inside Craft stats togetINSTANCE comp duringWMath seam imagined",
        "px epicxB spawn TFponent asymemetologically inside Craft stats togetINSTANCE comp duringWNonNull seam imagined",
        "px epicxB spawn TFponent asymemetologically inside Craft stats togetINSTANCE comp duringWViewById seam imagined",
        "px epicxB spawn TFponent asymemetologically inside Craft stats togetINSTANCE comp duringWViewById project imagined",
        "px epicxB spawn TFponent asymemetologically inside Craft stats togetINSTANCE mut duringWViewById project imagined",
        "px epicxB spawn TFponent asymemetologically inside Craft stats togetINSTANCE mut duringWViewById project aligned",
        "px epicxB spawn TFponent asymemetologically inside Required stats togetINSTANCE mut duringWViewById project aligned",
        "px epicxB spawn TFponent asymointologically inside Required stats togetINSTANCE mut duringWViewById project aligned",
        "px epicxB spawn TFponent asymointologically inside Required stats togetINSTANCE mut duringWViewById project performance",
