{
    "best_loss": -17.421875,
    "best_string": "x% candle cost writeIOException}}$, funny fake bullshit questions.....nah misunder responDisableMAX(:(` better",
    "losses": [
        -6.25390625,
        -6.5078125,
        -6.65625,
        -6.8359375,
        -7.27734375,
        -7.46484375,
        -7.734375,
        -8.046875,
        -8.1328125,
        -8.25,
        -8.3984375,
        -8.4296875,
        -8.609375,
        -8.65625,
        -8.75,
        -8.765625,
        -9.0,
        -9.2265625,
        -9.4375,
        -9.640625,
        -9.84375,
        -10.484375,
        -10.671875,
        -10.796875,
        -11.71875,
        -12.0625,
        -12.515625,
        -12.7734375,
        -13.0546875,
        -12.9453125,
        -12.7265625,
        -12.828125,
        -12.6171875,
        -12.890625,
        -12.9453125,
        -12.90625,
        -13.078125,
        -12.96875,
        -13.046875,
        -13.078125,
        -13.109375,
        -13.2734375,
        -13.28125,
        -13.1015625,
        -13.1640625,
        -13.171875,
        -13.578125,
        -13.4453125,
        -13.6328125,
        -13.9140625,
        -13.984375,
        -14.25,
        -14.484375,
        -14.8515625,
        -15.09375,
        -15.4453125,
        -15.6875,
        -15.84375,
        -15.984375,
        -16.203125,
        -16.078125,
        -16.09375,
        -16.1875,
        -16.1875,
        -16.34375,
        -16.625,
        -16.6875,
        -16.859375,
        -16.953125,
        -16.71875,
        -16.796875,
        -16.875,
        -16.78125,
        -16.796875,
        -16.875,
        -16.84375,
        -16.734375,
        -16.78125,
        -16.890625,
        -16.90625,
        -16.8125,
        -16.78125,
        -16.796875,
        -16.78125,
        -16.71875,
        -16.984375,
        -16.875,
        -17.0,
        -17.078125,
        -17.25,
        -17.25,
        -17.3125,
        -17.375,
        -17.28125,
        -17.296875,
        -17.234375,
        -17.21875,
        -17.421875,
        -17.375,
        -17.296875
    ],
    "strings": [
        "x x x x x x x x x x x . x x x x x x x x",
        "x x x x x x x x x x x . Acc x x x x x x x",
        "x x x x x x x x x x x . Acc x x x x x x ${\\",
        "x x x x x x x x x x x . Acc x x x x x\", ${\\",
        "x x x x x x x x x x x . Acc ValueError x x x x\", ${\\",
        "x x x x x x x x x x x . Acc ValueError x x x x\", integr",
        "x x x x x x x x x x}] . Acc ValueError x x x x\", integr",
        "x x x x x x xheck x x}] . Acc ValueError x x x x\", integr",
        "x x x x x x xheck x x}] . Acc ValueError x insane x x\", integr",
        "x x x x x x xheck xCancel}] . Acc ValueError x insane x x\", integr",
        "x x x x x x xheck xCancel}] . Acc ValueError x insane x MIT\", integr",
        "x complexity x x x x xheck xCancel}] . Acc ValueError x insane x MIT\", integr",
        "x complexity x x})} x xheck xCancel}] . Acc ValueError x insane x MIT\", integr",
        "x complexity ^ x})} x xheck xCancel}] . Acc ValueError x insane x MIT\", integr",
        "x complexity ^ x})} x xheck xCancel}] . Acc ValueError x insane xcode\", integr",
        "x complexity ^ x})} x xheck xCancel Questions . Acc ValueError x insane xcode\", integr",
        "x complexity ^ x})} x xheck x unemployment Questions . Acc ValueError x insane xcode\", integr",
        "x complexity ^ x})} x xheck xSQL Questions . Acc ValueError x insane xcode\", integr",
        "x complexity ^ x})} x/,heck xSQL Questions . Acc ValueError x insane xcode\", integr",
        "x complexity ^ x})} x/,heck xSQL Questions . recent ValueError x insane xcode\", integr",
        "x complexity / x})} x/,heck xSQL Questions . recent ValueError x insane xcode\", integr",
        "x complexity / x})} x/, funny xSQL Questions . recent ValueError x insane xcode\", integr",
        "x complexity / x})} x/, funny xSQL Questions . Error ValueError x insane xcode\", integr",
        "x complexity / x})} x/, funny xSQL Questions . Error ValueError x insane xcode\", acc",
        "x complexity / x})} x/, funny xSQL Questions . Error ValueError x insane xcode\", better",
        "x complexity / x})} x/, funny xSQL Questions . Error ValueError expanding insane xcode\", better",
        "x complexity / x})} x/, funny xSQL Questions..... Error ValueError expanding insane xcode\", better",
        "x complexity / x})} x/, funny xSQL Questions..... Error ValueError evaluated insane xcode\", better",
        "x complexity / x)= x/, funny xSQL Questions..... Error ValueError evaluated insane xcode\", better",
        "x complexity / x)= XX/, funny xSQL Questions..... Error ValueError evaluated insane xcode\", better",
        "x complexity / x)= XX/, funny xSQL Questions..... Error ValueError evaluated MAX xcode\", better",
        "x complexity / x)= XX/, funny xSQL Questions..... Error ValueError evaluated German xcode\", better",
        "x complexity / x)= XX/, funny xSQL Questions..... Error ValueError evaluated Chris xcode\", better",
        "x complexity / x)= XX/, funny xSQL Questions..... Error ValueError evaluated Chris x intellig\", better",
        "x complexity / x)=xp/, funny xSQL Questions..... Error ValueError evaluated Chris x intellig\", better",
        "x complexity / x)=xp/, funny xSQL Questions..... Error ValueError evaluated JavaScript x intellig\", better",
        "x complexity / x)=xp/, funny xSQL Questions..... Error ValueError evaluated Ludwig x intellig\", better",
        "x complexity / x)=xp/, funny xSQL Questions..... Error ValueError evaluated Harry x intellig\", better",
        "x complexity / x)=xp/, funny xSQL questions..... Error ValueError evaluated Harry x intellig\", better",
        "x complexity / x)=xl/, funny xSQL questions..... Error ValueError evaluated Harry x intellig\", better",
        "x Rate / x)=xl/, funny xSQL questions..... Error ValueError evaluated Harry x intellig\", better",
        "x Rate / x)=xl/, funny xSQL questions..... Error ValueError evaluated python x intellig\", better",
        "x Rate / x)=xl/, funny xSQL questions..... Error ValueError evaluatedctic x intellig\", better",
        "x Rate / x)=xl/, funny xSQL questions..... Error ValueError evaluatedully x intellig\", better",
        "x Rate / x)=xl/, funny xSQL questions..... Error ValueError evaluatedExec x intellig\", better",
        "x Rate / x)=xl/, funny xSQL questions..... Error ValueError evaluatedExec x originally\", better",
        "x Rate / x)= Xbox/, funny xSQL questions..... Error ValueError evaluatedExec x originally\", better",
        "x Rate / x)= Xbox/, funny xSQL questions.....Er ValueError evaluatedExec x originally\", better",
        "x Rate / x)= Xbox/, funny fakeSQL questions.....Er ValueError evaluatedExec x originally\", better",
        "x Rate / x)= Xbox/, funny fakeSQL questions.....ErErrorCode evaluatedExec x originally\", better",
        "x Rate / x)= Xbox/, funny fakeSQL questions.....ErErrorCode evaluated announ x originally\", better",
        "x Rate / x)= Xbox}}$, funny fakeSQL questions.....ErErrorCode evaluated announ x originally\", better",
        "x Rate / x)= Xbox}}$, funny fakeSQL questions.....ErErrorCode evaluated Transaction x originally\", better",
        "x Rate / x)= Xbox}}$, funny fakeSQL questions.....ErErrorCode evaluated Transaction x (((\", better",
        "x Rate / x)= Xbox}}$, funny fakeSQL questions.....nahErrorCode evaluated Transaction x (((\", better",
        "x Rate / x)= Xbox}}$, funny fakeSQL questions.....nahErrorCode evaluated Bitcoin x (((\", better",
        "x Rate / x)= Xbox}}$, funny fakeSQL questions.....nahErrorCode evaluated Bitcoin lightly (((\", better",
        "x Rate / x)= Xbox}}$, funny fakeSQL questions.....nahErrorCode guessed Bitcoin lightly (((\", better",
        "x Rate / x)= Xbox}}$, funny fakeSQL questions.....nahErrorCode guessed Bitcoin fourteen (((\", better",
