{
    "best_loss": -20.125,
    "best_string": "**( x xUnit activated desde jouwid diameterNEXT/, *\" ms ejempl&#}\\ wantolfNaN hacer",
    "losses": [
        -17.6875,
        -17.71875,
        -17.828125,
        -17.96875,
        -18.1875,
        -18.375,
        -18.625,
        -18.875,
        -18.9375,
        -19.03125,
        -19.03125,
        -19.03125,
        -19.125,
        -19.15625,
        -19.15625,
        -19.25,
        -19.21875,
        -19.1875,
        -19.21875,
        -19.28125,
        -19.3125,
        -19.25,
        -19.25,
        -19.28125,
        -19.3125,
        -19.40625,
        -19.5,
        -19.59375,
        -19.65625,
        -19.625,
        -19.65625,
        -19.78125,
        -19.875,
        -19.78125,
        -19.8125,
        -19.84375,
        -19.875,
        -19.875,
        -19.90625,
        -19.9375,
        -19.875,
        -19.84375,
        -19.875,
        -19.875,
        -19.84375,
        -19.84375,
        -19.875,
        -19.84375,
        -19.8125,
        -19.875,
        -19.875,
        -19.9375,
        -19.9375,
        -19.9375,
        -19.90625,
        -19.9375,
        -19.96875,
        -20.03125,
        -19.96875,
        -20.0625,
        -20.0,
        -19.96875,
        -20.0625,
        -20.125,
        -20.0625,
        -19.96875,
        -20.0,
        -20.03125,
        -20.0625,
        -20.0625,
        -20.0625,
        -20.0,
        -20.09375,
        -19.96875,
        -19.9375,
        -20.0,
        -19.96875,
        -20.03125,
        -20.0,
        -20.0,
        -20.0,
        -20.0,
        -20.0,
        -19.96875,
        -19.9375,
        -19.96875,
        -19.96875,
        -19.9375,
        -19.90625,
        -19.875,
        -19.90625,
        -19.875,
        -19.9375,
        -19.90625,
        -19.9375,
        -19.96875,
        -19.9375,
        -19.9375,
        -19.90625,
        -19.84375
    ],
    "strings": [
        "(( x x x x x x x x x x x x x x x x x x x",
        "(( x x x x x x x x x x x x x x x x x xik",
        "(( x x x x x x x x x x x x x x x x x x ik",
        "**( x x x x x x x x x x x x x x x x x x ik",
        "**( x x x x x x x x x x x x x x x x x x hacer",
        "**( x x x x x x x x x x x x x x x want x x hacer",
        "**( x xCT x x x x x x x x x x x x want x x hacer",
        "**( x xUnit x x x x x x x x x x x x want x x hacer",
        "**( x xUnit x x x x x x x x,' x x x want x x hacer",
        "**( x xUnit x x x x x x x directly,' x x x want x x hacer",
        "**( x xUnit1 x x x x x x directly,' x x x want x x hacer",
        "**( x xUnit1 x x x x x~ directly,' x x x want x x hacer",
        "**( x xUnit1 x x x x x~ directly,'M x x want x x hacer",
        "**( x xUnit1 x x x x x/, directly,'M x x want x x hacer",
        "**( x xUnit1 x M x x x/, directly,'M x x want x x hacer",
        "**( x xUnit1 x M x x x/, directly,'M&# x want x x hacer",
        "**( x xUnit1 x M X x x/, directly,'M&# x want x x hacer",
        "**( x xUnit1 x M X x x/, directly,' IM&# x want x x hacer",
        "**( x xUnit1 x M X x x/, directly,' IM&# x wantRES x hacer",
        "**( x xUnit1 x M X x x/, directly,' IM&#8 wantRES x hacer",
        "**( x xUnit1 x M X x x/, directly,' Int&#8 wantRES x hacer",
        "**( x xUnit1 x M X x x/, directly,' ejempl&#8 wantRES x hacer",
        "**( x xUnit1 x M X x x/, directly,' ejempl&#auge wantRES x hacer",
        "**( x xUnit1 x M X x x/, directly,' ejempl&#auge wantRESleft hacer",
        "**( x xUnit1{{ M X x x/, directly,' ejempl&#auge wantRESleft hacer",
        "**( x xUnit activated{{ M X x x/, directly,' ejempl&#auge wantRESleft hacer",
        "**( x xUnit activated Pos M X x x/, directly,' ejempl&#auge wantRESleft hacer",
        "**( x xUnit activated desde M X x x/, directly,' ejempl&#auge wantRESleft hacer",
        "**( x xUnit activated desde M far x x/, directly,' ejempl&#auge wantRESleft hacer",
        "**( x xUnit activated desde M far all x/, directly,' ejempl&#auge wantRESleft hacer",
        "**( x xUnit activated desde M capac all x/, directly,' ejempl&#auge wantRESleft hacer",
        "**( x xUnit activated desde M capac radius x/, directly,' ejempl&#auge wantRESleft hacer",
        "**( x xUnit activated desde MAd radius x/, directly,' ejempl&#auge wantRESleft hacer",
        "**( x xUnit activated desdeabAd radius x/, directly,' ejempl&#auge wantRESleft hacer",
        "**( x xUnit activated desdeabAd radius x/, directly,' ejempl&#omb wantRESleft hacer",
        "**( x xUnit activated desde brigAd radius x/, directly,' ejempl&#omb wantRESleft hacer",
        "**( x xUnit activated desde brigAd radius x/, directly,' ejempl&#\\, wantRESleft hacer",
        "**( x xUnit activated desde brigAd radius x/, directly,' ejempl&#\\, wantofsleft hacer",
        "**( x xUnit activated desde brigMSM radius x/, directly,' ejempl&#\\, wantofsleft hacer",
        "**( x xUnit activated desde brigoh radius x/, directly,' ejempl&#\\, wantofsleft hacer",
        "**( x xUnit activated desde brigoh radius x/,@{,' ejempl&#\\, wantofsleft hacer",
        "**( x xUnit activated desde brigoh radius x/,@{,' ejempl&#' wantofsleft hacer",
        "**( x xUnit activated desde brigoh radius x/,@{?_ ejempl&#' wantofsleft hacer",
        "**( x xUnit activated desde brigoh radius x/,@{ ms ejempl&#' wantofsleft hacer",
        "**( x xUnit activated desde brigoh radius x/,@{ ms ejempl&#}> wantofsleft hacer",
        "**( x xUnit activated desde brigoh radius x/,@{ ms ejempl&#in wantofsleft hacer",
        "**( x xUnit activated desde brigoh radius x/,@{ ms ejempl&#M wantofsleft hacer",
        "**( x xUnit activated desde brigoh radiusGD/,@{ ms ejempl&#M wantofsleft hacer",
        "**( x xUnit activated desde brigoh radius FE/,@{ ms ejempl&#M wantofsleft hacer",
        "**( x xUnit activated desde brigoh radiusGG/,@{ ms ejempl&#M wantofsleft hacer",
        "**( x xUnit activated desde brigoh radiusGG/,@{ ms ejempl&#}\\ wantofsleft hacer",
        "**( x xUnit activated desde brigoh radiusGG/,{{ ms ejempl&#}\\ wantofsleft hacer",
        "**( x xUnit activated desde brigoh diameterGG/,{{ ms ejempl&#}\\ wantofsleft hacer",
        "**( x xUnit activated desde brigoh diameterEB/,{{ ms ejempl&#}\\ wantofsleft hacer",
        "**( x xUnit activated desde brigoh diameterEB/,{{ ms ejempl&#}\\ wantofsNaN hacer",
        "**( x xUnit activated desde Legendoh diameterEB/,{{ ms ejempl&#}\\ wantofsNaN hacer",
        "**( x xUnit activated desde Legendoh diameterNEXT/,{{ ms ejempl&#}\\ wantofsNaN hacer",
        "**( x xUnit activated desde Legendoh diameterNEXT/,{{ ms ejempl&#}\\ wantolfNaN hacer",
        "**( x xUnit activated desde Legendoh diameterNEXT/,---- ms ejempl&#}\\ wantolfNaN hacer",
        "**( x xUnit activated desde Legendoh diameterNEXT/,_{ ms ejempl&#}\\ wantolfNaN hacer",
        "**( x xUnit activated desde jouoh diameterNEXT/,_{ ms ejempl&#}\\ wantolfNaN hacer",
        "**( x xUnit activated desde jouoh diameterNEXT/, '_ ms ejempl&#}\\ wantolfNaN hacer",
        "**( x xUnit activated desde jouwid diameterNEXT/, '_ ms ejempl&#}\\ wantolfNaN hacer",
        "**( x xUnit activated desde jouwid diameterNEXT/, *\" ms ejempl&#}\\ wantolfNaN hacer",
        "**( x xUnit activated desde jouwid diameterNEXT/, *\" ms ejempl&#}\\ wanteldNaN hacer",
        "**( x xUnit activated desde jouwid diameterNEXT/, *\" msME&#}\\ wanteldNaN hacer",
        "**( x xUnit activated desde jouwid diameterNEXT/, *\" msARE&#}\\ wanteldNaN hacer",
        "**( x xUnit activated desde jouwid diameterNEXT/, *\" msARE&#}\\ wantenseNaN hacer",
        "**( x xUnit activated desde jouwid diameterNEXT/, *\" msARE&#}\\ wantemNaN hacer",
        "**( x xUnit activated desde jouwid diameterNEXT/, *\" msAB&#}\\ wantemNaN hacer",
        "**( x xUnit activated desde jouwid diameterNEXT/, *\" msKK&#}\\ wantemNaN hacer",
