{
    "best_loss": -20.75,
    "best_string": "px underneath exponent enemyMassbuff^^deg manually since dtype equipped greedRootitem duringnbspiseconds last whisper",
    "losses": [
        -20.0,
        -20.09375,
        -20.09375,
        -20.0625,
        -20.09375,
        -20.09375,
        -20.125,
        -20.125,
        -20.15625,
        -20.21875,
        -20.28125,
        -20.25,
        -20.28125,
        -20.375,
        -20.375,
        -20.40625,
        -20.40625,
        -20.46875,
        -20.4375,
        -20.46875,
        -20.4375,
        -20.46875,
        -20.46875,
        -20.5,
        -20.5,
        -20.46875,
        -20.46875,
        -20.4375,
        -20.4375,
        -20.40625,
        -20.4375,
        -20.4375,
        -20.46875,
        -20.5,
        -20.46875,
        -20.4375,
        -20.4375,
        -20.46875,
        -20.5,
        -20.5,
        -20.5,
        -20.46875,
        -20.5,
        -20.46875,
        -20.46875,
        -20.5625,
        -20.5625,
        -20.625,
        -20.59375,
        -20.53125,
        -20.53125,
        -20.5,
        -20.46875,
        -20.5,
        -20.5625,
        -20.53125,
        -20.53125,
        -20.625,
        -20.59375,
        -20.5625,
        -20.53125,
        -20.5625,
        -20.53125,
        -20.53125,
        -20.59375,
        -20.59375,
        -20.625,
        -20.65625,
        -20.65625,
        -20.6875,
        -20.6875,
        -20.6875,
        -20.6875,
        -20.6875,
        -20.625,
        -20.65625,
        -20.6875,
        -20.65625,
        -20.65625,
        -20.65625,
        -20.59375,
        -20.625,
        -20.6875,
        -20.65625,
        -20.625,
        -20.625,
        -20.59375,
        -20.625,
        -20.65625,
        -20.65625,
        -20.65625,
        -20.65625,
        -20.625,
        -20.625,
        -20.59375,
        -20.625,
        -20.65625,
        -20.71875,
        -20.71875,
        -20.75
    ],
    "strings": [
        "px epicY spawn CSS opponent asymointisely since Type equipped Greovunique duringWiseconds assignmentpolation",
        "px epicY spawn CSS opponent asymointisely since Type equipped Greovunique duringWiseconds assignment leak",
        "px epicY spawn CSS opponent asymointisely since Type equipped Greovunique duringWiseconds portrait leak",
        "px epicY spawn CSS opponentchildointisely since Type equipped Greovunique duringWiseconds portrait leak",
        "px epicY spawn CSS opponentchildoint instantly since Type equipped Greovunique duringWiseconds portrait leak",
        "px epicY spawn CSS opponentchildoint instantly since Type equipped Greovunique during sogiseconds portrait leak",
        "px epicY spawn CSS opponentchildoint instantly since dtype equipped Greovunique during sogiseconds portrait leak",
        "px epicY spawn CSSbuffchildoint instantly since dtype equipped Greovunique during sogiseconds portrait leak",
        "px epicY spawn CSSbuffchildnetic instantly since dtype equipped Greovunique during sogiseconds portrait leak",
        "px epicY spawn-buffchildnetic instantly since dtype equipped Greovunique during sogiseconds portrait leak",
        "px epicY spawn-buffchild)\\ instantly since dtype equipped Greovunique during sogiseconds portrait leak",
        "px tripleY spawn-buffchild)\\ instantly since dtype equipped Greovunique during sogiseconds portrait leak",
        "px tripleY spawn-buff ridic)\\ instantly since dtype equipped Greovunique during sogiseconds portrait leak",
        "px tripleY spawn-buff########)\\ instantly since dtype equipped Greovunique during sogiseconds portrait leak",
        "px tripleY spawn-buff########)\\ instantly since dtype equipped Greovunique during staggeriseconds portrait leak",
        "px tripleY spawn-buff########)\\ instantly since dtype equipped Greovunique during staggericious portrait leak",
        "px tripleY spawnOperbuff########)\\ instantly since dtype equipped Greovunique during staggericious portrait leak",
        "px tripleY spawnOperbuff########)\\ instantly since dtype equipped Greovunique during staggericious portrait whisper",
        "px tripleY spawnDetbuff########)\\ instantly since dtype equipped Greovunique during staggericious portrait whisper",
        "px tripleY spawnDetbuff########)\\ instantly since dtype equipped Greovunique during staggericiousundefined whisper",
        "px tripleY spawnUpperbuff########)\\ instantly since dtype equipped Greovunique during staggericiousundefined whisper",
        "px tripleY spawnUpperbuff########)\\ instantly since dtype equipped Greovunique during staggericious increment whisper",
        "px tripleY spawnUpperbuff########)\\ instantly since dtype equipped Greovunique during staggericious subsequ whisper",
        "px tripleI spawnUpperbuff########)\\ instantly since dtype equipped Greovunique during staggericious subsequ whisper",
        "px tripleI spawnUpperbuff########)\\ instantly since dtype equipped Greovunique during staggericious eigen whisper",
        "px tripleI spawnUpperbuff########)\\ instantly since dtype equipped Greovunique during staggericious chunk whisper",
        "px tripleI spawnUpperbuff########)\\ instantly since dtype equipped Greovunique during staggericious utter whisper",
        "px tripleI spawnUpperbuff########)\\ instantly since dtype equipped Greovunique during staggerainted utter whisper",
        "px tripleI spawnUpperbuff########)\\ instantly since dtype equipped Greovunique during staggerainted Advent whisper",
        "px tripleI spawnUpperbuff########)\\ instantly since dtype equipped Greovunique during staggeraintedaddEventListener whisper",
        "px tripleI spawnUpperbuff########\\} instantly since dtype equipped Greovunique during staggeraintedaddEventListener whisper",
        "px tripleValue spawnUpperbuff########\\} instantly since dtype equipped Greovunique during staggeraintedaddEventListener whisper",
        "px tripleValue spawnUpperbuff########\\} instantly since dtype equipped Greovunique during staggerainted inner whisper",
        "px tripleVariable spawnUpperbuff########\\} instantly since dtype equipped Greovunique during staggerainted inner whisper",
        "px furtherVariable spawnUpperbuff########\\} instantly since dtype equipped Greovunique during staggerainted inner whisper",
        "px furtherVariable spawnUpperbuff########\\} instantly since dtype equipped Greovunique during staggerainted institut whisper",
        "px furtherVariable spawnUpperbuff########\\} instantly since dtype equipped Greovunique during staggerinated institut whisper",
        "px furtherVariable spawnUpperbuff########\\} instantly since dtype equipped Greovunique during staggerinated scaling whisper",
        "px furtherVariable spawnUpperbuff########\\} instantly since dtype equipped Greovunique during staggericted scaling whisper",
        "px lastVariable spawnUpperbuff########\\} instantly since dtype equipped Greovunique during staggericted scaling whisper",
        "px lastVariable spawnUpperbuff########\\} instantly since dtype equipped Greovunique during staggericted scaling whisper",
        "px lastVariable spawnUpperbuff########\\} instantly since dtype equipped Greovunique during stagger matching scaling whisper",
        "px lastVariable spawnUpperbuff########\\} instantly since dtype equipped Greovunique during stagger matching singular whisper",
        "px lastVariable spawnAdvbuff########\\} instantly since dtype equipped Greovunique during stagger matching singular whisper",
        "px lastVariable spawnCounterbuff########\\} instantly since dtype equipped Greovunique during stagger matching singular whisper",
        "px underneathVariable spawnCounterbuff########\\} instantly since dtype equipped Greovunique during stagger matching singular whisper",
